,0,1,2,3
NTS,0.818,0.0,0.575,0.0
KRT14,0.735,0.0,0.678,0.0
SPRR3,0.701,0.0,0.423,0.574
KRT13,0.0,0.0,0.785,0.619
UPK1B,0.0,0.0,0.0,0.0
S100A7,0.741,0.672,0.0,0.0
HLA-DQA1,1.0,0.0,0.0,0.0
MAGEA4,1.0,0.0,0.0,0.0
AKR1B10,1.0,0.0,0.0,0.0
GSTA1,0.776,0.0,0.0,0.63
SPRR1B,0.775,0.0,0.632,0.0
SPRR1A,0.771,0.0,0.636,0.0
SFTPC,0.609,0.794,0.0,0.0
RPS4Y1,0.0,0.0,0.0,0.0
MMP10,0.547,0.0,0.837,0.0
CES1,1.0,0.0,0.0,0.0
LY6D,0.0,0.0,0.0,0.0
KRT6B,1.0,0.0,0.0,0.0
KRT6A,1.0,0.0,0.0,0.0
ADH1C,0.617,0.0,0.585,0.527
ADH7,0.779,0.0,0.0,0.626
FGG,0.599,0.626,0.499,0.0
SERPINB2,0.686,0.0,0.728,0.0
SCGB1A1,0.609,0.0,0.793,0.0
KRT5,0.769,0.0,0.0,0.639
PLUNC,0.609,0.0,0.571,0.55
LTF,0.901,0.435,0.0,0.0
SFTPB,0.695,0.719,0.0,0.0
CEACAM5,0.665,0.0,0.546,0.51
FBN2,1.0,0.0,0.0,0.0
DEFB1,0.0,0.0,0.0,1.0
NR0B1,1.0,0.0,0.0,0.0
CXCL14,0.763,0.0,0.647,0.0
CLCA2,0.768,0.0,0.64,0.0
SERPINB3,1.0,0.0,0.0,0.0
WIF1,1.0,0.0,0.0,0.0
KRT15,0.622,0.0,0.426,0.657
UCHL1,0.78,0.0,0.0,0.626
AKR1C3,1.0,0.0,0.0,0.0
PTHLH,0.967,0.0,0.254,0.0
GPX2,0.0,0.0,0.0,0.0
KRT16,0.794,0.608,0.0,0.0
ALDH3A1,0.773,0.0,0.0,0.635
HMGA2,0.622,0.0,0.607,0.495
CALB1,0.0,0.0,0.0,0.0
KRT17,0.0,0.0,0.0,0.0
PI3,1.0,0.0,0.0,0.0
CXCL6,0.57,0.0,0.0,0.821
GPC3,0.777,0.0,0.07,0.626
SFTPD,0.65,0.76,0.0,0.0
C4BPA,0.642,0.767,0.0,0.0
MAGEA1,0.634,0.773,0.0,0.0
MAGEA9,0.664,0.549,0.0,0.508
KRT23,0.204,0.724,0.659,0.0
DSG3,1.0,0.0,0.0,0.0
S100P,0.0,0.0,0.0,0.0
MAGEA12,0.817,0.0,0.577,0.0
S100A2,0.0,0.0,0.0,0.0
CLCA4,0.0,0.0,0.0,0.0
CLDN1,0.0,0.491,0.713,0.501
PTPRZ1,0.883,0.0,0.469,0.0
DEFB4,0.0,0.801,0.0,0.598
PENK,0.441,0.471,0.639,0.419
TFPI2,0.0,0.757,0.653,0.0
CLDN8,0.75,0.0,0.0,0.662
TMPRSS11D,0.673,0.0,0.325,0.665
CALML5,0.0,0.729,0.0,0.685
PRSS21,0.725,0.0,0.0,0.688
SERPINA3,0.862,0.507,0.0,0.0
TSPAN7,1.0,0.0,0.0,0.0
CCL20,0.633,0.0,0.0,0.774
PROM1,0.0,0.623,0.0,0.782
PADI3,0.0,0.595,0.803,0.0
BNC1,0.838,0.0,0.546,0.0
IVL,0.0,0.653,0.758,0.0
MAGEA11,0.0,0.0,0.0,1.0
CTSE,0.631,0.776,0.0,0.0
FABP4,0.0,0.713,0.701,0.0
MAGEB2,0.567,0.626,0.0,0.535
FGFBP1,1.0,0.0,0.0,0.0
TUBB2B,0.564,0.385,0.0,0.731
AGR2,0.0,0.0,0.806,0.592
CXCL1,0.765,0.0,0.0,0.644
DLK1,0.223,0.532,0.621,0.531
NQO1,1.0,0.0,0.0,0.0
PDZK1IP1,0.0,1.0,0.0,0.0
LCN2,0.737,0.0,0.0,0.676
DKK1,0.704,0.0,0.71,0.0
TMSL8,0.0,0.454,0.649,0.611
MMP1,1.0,0.0,0.0,0.0
WFDC2,0.551,0.685,0.0,0.477
CEACAM6,0.789,0.0,0.614,0.0
COCH,1.0,0.0,0.0,0.0
DSC3,0.825,0.0,0.565,0.0
IGF2,0.0,0.593,0.805,0.0
MMP13,0.0,0.605,0.796,0.0
CEL,0.0,1.0,0.0,0.0
GSTM3,0.72,0.0,0.0,0.694
FZD10,1.0,0.0,0.0,0.0
TCN1,0.743,0.0,0.305,0.595
SERPINB5,0.0,0.0,0.0,0.0
NRN1,0.413,0.43,0.527,0.605
PTN,0.79,0.0,0.0,0.613
PTGS2,0.0,0.59,0.807,0.0
IGKV1-5,0.77,0.638,0.0,0.0
IL1F9,1.0,0.0,0.0,0.0
LMO3,0.653,0.582,0.484,0.0
IL1A,0.623,0.0,0.782,0.0
BEX1,0.518,0.855,0.0,0.0
DMBT1,0.816,0.578,0.0,0.0
TOX3,0.0,0.575,0.818,0.0
FOLR1,0.627,0.606,0.489,0.0
TSPYL5,0.256,0.568,0.487,0.612
CYP4F11,1.0,0.0,0.0,0.0
KLK11,0.681,0.479,0.554,0.0
TFF3,0.53,0.0,0.546,0.649
HP,1.0,0.0,0.0,0.0
COL11A1,0.755,0.656,0.0,0.0
AQP3,0.0,0.609,0.793,0.0
ALDH1A1,0.724,0.0,0.0,0.69
CYP4B1,0.0,0.693,0.721,0.0
CP,0.437,0.0,0.61,0.661
RHCG,0.989,0.0,0.146,0.0
BCHE,0.0,0.0,0.0,0.0
CYP26A1,1.0,0.0,0.0,0.0
TNC,0.748,0.586,0.31,0.0
CLDN10,0.144,0.62,0.581,0.507
VTCN1,0.658,0.0,0.533,0.532
SERPINB7,0.574,0.819,0.0,0.0
IGFBP2,0.639,0.0,0.5,0.585
S100A9,1.0,0.0,0.0,0.0
GPR87,0.0,0.0,0.0,0.0
CXCL9,0.559,0.485,0.0,0.673
AHNAK2,0.705,0.0,0.709,0.0
FMO3,0.0,0.0,0.671,0.741
FOXE1,1.0,0.0,0.0,0.0
CA12,1.0,0.0,0.0,0.0
GREM1,0.797,0.603,0.0,0.0
TSPAN8,0.593,0.3,0.523,0.533
MSMB,0.0,0.0,0.52,0.854
KRT31,0.521,0.0,0.382,0.763
KRT4,0.0,0.0,0.757,0.653
SPINK1,0.0,0.0,0.0,0.0
AREG,0.727,0.0,0.687,0.0
ANXA10,0.0,0.0,0.0,0.0
CXCL10,0.529,0.537,0.0,0.657
PRAME,0.73,0.0,0.0,0.683
NLRP2,0.0,0.0,0.0,0.0
SOSTDC1,0.731,0.0,0.315,0.605
AIM2,0.0,0.0,0.0,0.0
DDX3Y,0.0,0.0,0.0,0.0
NELL1,0.971,0.0,0.24,0.0
S100A8,1.0,0.0,0.0,0.0
GHR,0.833,0.0,0.553,0.0
CABYR,0.745,0.0,0.0,0.667
VSNL1,1.0,0.0,0.0,0.0
CRYAB,1.0,0.0,0.0,0.0
ADAM23,1.0,0.0,0.0,0.0
FABP6,0.0,0.0,0.0,0.0
POPDC3,0.742,0.67,0.0,0.0
SLC34A2,0.654,0.756,0.0,0.0
ODAM,0.0,0.633,0.44,0.637
SLCO1B3,0.0,0.0,0.0,0.0
CXCL11,0.501,0.576,0.0,0.646
RNF128,0.0,0.0,0.0,0.0
PON3,0.29,0.726,0.0,0.623
HBB,0.704,0.0,0.71,0.0
LRAP,0.0,0.727,0.686,0.0
ZIC1,0.0,1.0,0.0,0.0
TNNT1,0.519,0.493,0.55,0.43
IL8,0.674,0.0,0.0,0.739
S100A12,0.522,0.0,0.461,0.717
CBR3,0.773,0.0,0.0,0.634
NEFL,1.0,0.0,0.0,0.0
IL1R2,0.639,0.664,0.388,0.0
MME,0.585,0.811,0.0,0.0
CYP2C18,0.505,0.178,0.538,0.651
LEPREL1,0.939,0.0,0.343,0.0
CH25H,1.0,0.0,0.0,0.0
CXCL13,0.579,0.609,0.0,0.542
WNT5A,0.672,0.0,0.521,0.527
CCNA1,1.0,0.0,0.0,0.0
CA9,0.0,0.64,0.677,0.363
RBP1,0.694,0.0,0.424,0.582
IL6,1.0,0.0,0.0,0.0
UBD,0.538,0.523,0.0,0.66
HEY1,0.853,0.0,0.522,0.0
INDO,0.53,0.471,0.0,0.705
AADAC,0.523,0.0,0.513,0.681
TMPRSS4,0.0,0.0,0.704,0.711
CXCR7,0.927,0.0,0.376,0.0
NELL2,0.0,1.0,0.0,0.0
TMEM16A,0.0,0.452,0.641,0.62
PLAC8,0.593,0.425,0.0,0.684
SCEL,0.75,0.0,0.662,0.0
SLC6A14,0.839,0.545,0.0,0.0
CSTA,0.0,0.0,0.0,0.0
IGLV3-25,0.732,0.681,0.0,0.0
CDK5RAP2,0.778,0.0,0.058,0.626
PLA2G4A,0.735,0.0,0.234,0.636
KLK7,0.774,0.0,0.634,0.0
NMU,0.0,0.52,0.0,0.854
MMP7,0.642,0.767,0.0,0.0
CBR1,1.0,0.0,0.0,0.0
GAL,0.426,0.905,0.0,0.0
IGF2BP2,0.881,0.0,0.473,0.0
NDUFA4L2,0.0,0.0,0.0,0.0
ZNF750,0.0,1.0,0.0,0.0
TSPAN1,0.544,0.0,0.625,0.56
FLRT3,0.5,0.619,0.606,0.0
PKP1,0.922,0.0,0.387,0.0
CXCL5,0.0,0.642,0.545,0.539
LYPD3,0.0,0.696,0.718,0.0
HBA2,0.55,0.559,0.621,0.0
LAMA3,0.757,0.0,0.653,0.0
STXBP6,0.691,0.0,0.0,0.723
SERPINB13,1.0,0.0,0.0,0.0
RP11-35N6.1,1.0,0.0,0.0,0.0
COL4A5,0.0,0.0,1.0,0.0
GPRC5A,0.0,0.0,1.0,0.0
LRRC17,0.519,0.59,0.618,0.0
NT5E,0.698,0.0,0.717,0.0
CXCL2,0.754,0.657,0.0,0.0
CST6,0.0,0.733,0.681,0.0
KLK8,1.0,0.0,0.0,0.0
TMEM158,1.0,0.0,0.0,0.0
LRRC15,0.61,0.672,0.419,0.0
RAB6B,0.775,0.0,0.0,0.632
ABCA4,0.708,0.0,0.706,0.0
SLC6A15,0.0,0.0,0.0,0.0
HSD17B2,0.0,0.0,0.0,0.0
IFIT1,0.435,0.713,0.549,0.0
ZNF91,0.0,0.667,0.745,0.0
S100A14,0.544,0.42,0.0,0.726
CHST2,1.0,0.0,0.0,0.0
PAMCI,0.858,0.0,0.513,0.0
CYP24A1,0.0,0.0,0.0,0.0
SV2B,0.0,0.0,0.0,1.0
DLX5,0.671,0.0,0.0,0.742
TWIST1,0.623,0.524,0.58,0.0
SRPX,0.77,0.0,0.638,0.0
SOX9,0.733,0.68,0.0,0.0
CNTNAP2,1.0,0.0,0.0,0.0
GABRP,0.0,0.0,0.0,0.0
SLC7A11,1.0,0.0,0.0,0.0
IFI27,0.0,1.0,0.0,0.0
CCL18,0.879,0.476,0.0,0.0
APOD,0.752,0.0,0.659,0.0
OLFM4,0.704,0.0,0.71,0.0
MAP1B,1.0,0.0,0.0,0.0
TF,0.572,0.0,0.515,0.638
IGKC,0.798,0.602,0.0,0.0
ECHDC3,0.486,0.731,0.0,0.48
IGHM,0.679,0.53,0.0,0.508
FST,0.633,0.0,0.466,0.619
GOLSYN,0.674,0.0,0.284,0.682
MYB,0.537,0.495,0.0,0.683
SCG2,0.752,0.0,0.659,0.0
GULP1,1.0,0.0,0.0,0.0
CCND1,0.0,0.611,0.0,0.791
RPL39L,0.665,0.277,0.0,0.694
PIP,0.629,0.0,0.0,0.777
GZMA,0.558,0.445,0.0,0.701
COL10A1,0.622,0.644,0.445,0.0
FMO1,0.0,0.0,0.0,1.0
RTP4,0.0,0.889,0.0,0.458
SERPINA1,0.765,0.644,0.0,0.0
FMO2,0.561,0.463,0.536,0.428
ADAMDEC1,0.566,0.53,0.0,0.631
EREG,0.43,0.6,0.675,0.0
PCP4,0.67,0.742,0.0,0.0
NDRG4,0.867,0.0,0.499,0.0
BAALC,0.0,0.0,0.0,0.0
EIF1AY,0.0,0.0,0.0,0.0
TMEM45A,0.525,0.851,0.0,0.0
POU2AF1,0.78,0.0,0.0,0.626
C4orf31,0.606,0.55,0.575,0.0
C10orf116,0.0,0.0,0.0,0.0
SERPINE2,0.978,0.0,0.208,0.0
EGLN3,0.533,0.0,0.846,0.0
AMIGO2,0.0,0.0,1.0,0.0
STATH,0.743,0.0,0.0,0.669
VAV3,0.0,0.701,0.713,0.0
MLLT11,1.0,0.0,0.0,0.0
HSPA2,0.056,0.636,0.662,0.393
FABP7,0.519,0.855,0.0,0.0
GPR37,0.0,0.583,0.598,0.551
MAGEA10,0.0,0.705,0.0,0.709
SLPI,0.63,0.0,0.776,0.0
BST2,0.0,0.854,0.0,0.52
MGC87042,0.69,0.0,0.343,0.637
CHI3L1,0.703,0.312,0.0,0.639
FXYD3,0.0,0.0,0.0,0.0
IFI44L,0.519,0.855,0.0,0.0
NPTX2,0.575,0.566,0.59,0.0
IGFBP6,0.554,0.0,0.699,0.453
CDH3,0.756,0.0,0.654,0.0
SFRP1,0.371,0.668,0.645,0.0
PGC,0.709,0.705,0.0,0.0
CSN1S1,0.0,0.0,1.0,0.0
IL13RA2,0.361,0.932,0.0,0.0
ASPN,0.754,0.657,0.0,0.0
CRCT1,0.492,0.683,0.54,0.0
SPOCK1,0.0,0.0,1.0,0.0
MMP9,0.675,0.738,0.0,0.0
IQCG,0.0,0.638,0.0,0.77
ALDH8A1,0.51,0.618,0.599,0.0
ST6GALNAC2,0.844,0.0,0.537,0.0
PTX3,0.39,0.692,0.608,0.0
HOXC6,0.586,0.512,0.0,0.628
CCL19,0.607,0.506,0.0,0.613
GNG4,0.69,0.0,0.724,0.0
BAMBI,0.576,0.0,0.695,0.431
PTH2R,0.0,0.678,0.0,0.735
FGA,0.495,0.602,0.626,0.0
GCLM,0.768,0.0,0.0,0.641
RARRES1,0.682,0.485,0.0,0.548
THBD,1.0,0.0,0.0,0.0
CAMK2N1,0.0,0.659,0.752,0.0
COL17A1,0.638,0.0,0.77,0.0
MALL,0.448,0.0,0.851,0.274
PLEK2,0.0,0.667,0.745,0.0
OLFM1,0.773,0.0,0.0,0.635
CA2,0.582,0.494,0.646,0.0
FGF13,0.67,0.0,0.742,0.0
CRABP2,0.0,1.0,0.0,0.0
PSPH,0.615,0.0,0.511,0.601
FGB,0.305,0.442,0.645,0.543
GSTT1,0.0,0.675,0.738,0.0
KIT,0.0,0.659,0.0,0.752
CYB5R2,0.827,0.0,0.562,0.0
PLAT,0.941,0.338,0.0,0.0
CHST7,0.934,0.0,0.357,0.0
HPGD,0.0,0.61,0.793,0.0
IRX4,0.0,0.488,0.0,0.873
NEFH,0.0,0.0,0.0,0.0
MAGEA5,0.808,0.0,0.589,0.0
IGF2BP3,0.744,0.0,0.0,0.668
CST1,0.0,0.63,0.777,0.0
MYH11,1.0,0.0,0.0,0.0
FOXL2,0.529,0.0,0.612,0.588
ME1,0.78,0.0,0.0,0.625
TFF1,0.0,0.0,0.0,0.0
CLGN,0.0,0.226,0.0,0.974
PDPN,0.933,0.0,0.359,0.0
HOXB7,0.0,0.598,0.643,0.478
CCL5,0.548,0.533,0.0,0.644
MUC4,0.0,0.0,0.0,1.0
EPHX1,0.0,0.0,0.0,0.0
MATN2,0.784,0.0,0.0,0.621
IGFBP3,0.0,0.0,0.0,0.0
HRASLS,0.57,0.587,0.0,0.575
HDAC9,0.463,0.636,0.617,0.0
TREM1,0.55,0.592,0.589,0.0
IGHD,0.6,0.8,0.0,0.0
BEX4,0.0,0.757,0.654,0.0
PLCB4,0.755,0.0,0.0,0.655
CPA3,1.0,0.0,0.0,0.0
PCOLCE2,0.589,0.412,0.0,0.696
CHODL,0.779,0.0,0.0,0.627
GZMB,0.568,0.518,0.0,0.64
C5orf23,0.661,0.0,0.0,0.751
RAB38,0.683,0.0,0.73,0.0
FLJ10781,0.549,0.563,0.0,0.618
QPCT,0.331,0.715,0.0,0.616
NTRK2,1.0,0.0,0.0,0.0
MMP3,0.825,0.0,0.565,0.0
VNN1,0.0,0.653,0.0,0.757
FAM70A,0.7,0.0,0.0,0.714
SPINK5,0.613,0.675,0.41,0.0
BCL2A1,0.566,0.533,0.0,0.629
FHL2,0.0,0.667,0.745,0.0
MAGEC2,0.0,1.0,0.0,0.0
SULT1E1,0.695,0.0,0.463,0.55
GALNT14,1.0,0.0,0.0,0.0
APOC1,0.611,0.552,0.0,0.567
SFRP4,0.703,0.711,0.0,0.0
APOL1,0.0,0.0,0.0,0.0
JARID1D,0.0,0.0,0.0,0.0
RSAD2,0.507,0.721,0.472,0.0
BCL11A,0.621,0.332,0.0,0.71
PXDN,0.509,0.593,0.624,0.0
PLAU,0.656,0.534,0.0,0.534
COL21A1,0.42,0.563,0.52,0.486
MUC1,0.68,0.0,0.733,0.0
ENTPD3,0.713,0.0,0.701,0.0
MLPH,0.0,0.669,0.744,0.0
C7,0.655,0.755,0.0,0.0
TMEM100,0.453,0.628,0.633,0.0
TMEM22,0.709,0.43,0.0,0.559
IFI44,0.313,0.761,0.568,0.0
VCAM1,0.554,0.62,0.0,0.556
ABHD9,0.0,0.0,0.0,0.0
UGT2A1,0.388,0.395,0.656,0.514
GATM,0.525,0.415,0.0,0.743
ALDH7A1,0.0,0.648,0.548,0.528
PTPLA,0.706,0.0,0.486,0.515
SLC47A1,1.0,0.0,0.0,0.0
LY75,0.0,1.0,0.0,0.0
GABRE,0.0,0.0,0.0,0.0
CHL1,0.569,0.588,0.574,0.0
SAC,0.72,0.0,0.0,0.694
STAR,0.0,0.0,0.0,1.0
SUSD4,0.743,0.0,0.0,0.67
TXNRD1,0.771,0.0,0.0,0.637
IL1B,0.787,0.0,0.617,0.0
SNAI2,0.642,0.0,0.767,0.0
ABCC5,1.0,0.0,0.0,0.0
TDO2,0.941,0.0,0.338,0.0
PLAC1,0.0,0.0,0.0,1.0
RGS17,0.0,0.759,0.651,0.0
GJB5,0.55,0.0,0.718,0.426
IL1F5,0.67,0.569,0.477,0.0
FCGBP,0.0,0.423,0.0,0.906
SCG5,0.507,0.652,0.563,0.0
DHRS2,0.0,1.0,0.0,0.0
PITX1,0.643,0.0,0.321,0.696
STEAP1,1.0,0.0,0.0,0.0
G6PD,1.0,0.0,0.0,0.0
LDOC1,0.0,0.0,0.0,0.0
KCNJ16,0.766,0.0,0.643,0.0
GCNT3,0.0,0.0,0.0,0.0
EFEMP1,0.705,0.511,0.491,0.0
IL33,0.506,0.58,0.638,0.0
FOS,0.675,0.738,0.0,0.0
KIAA1199,1.0,0.0,0.0,0.0
CLIC3,0.0,0.671,0.741,0.0
DHRS9,0.897,0.0,0.441,0.0
CD36,0.572,0.608,0.551,0.0
MUC16,0.0,0.676,0.556,0.484
SCNN1A,0.783,0.0,0.0,0.622
INA,0.0,0.0,0.0,0.0
MAOA,0.0,0.0,0.0,0.0
HAS2,0.617,0.592,0.519,0.0
TCHH,0.795,0.607,0.0,0.0
LAMP3,0.636,0.537,0.0,0.554
LAMB3,0.0,0.0,1.0,0.0
MS4A4A,0.641,0.536,0.0,0.549
MSLN,0.243,0.563,0.696,0.375
TPD52L1,1.0,0.0,0.0,0.0
AQP1,0.587,0.589,0.556,0.0
MGC29506,0.685,0.507,0.0,0.523
CLEC2B,0.719,0.695,0.0,0.0
PAX6,0.0,0.0,1.0,0.0
CDKN2A,0.923,0.0,0.384,0.0
DIRAS2,0.736,0.0,0.0,0.677
CHGB,0.551,0.506,0.664,0.0
CRIP1,0.431,0.663,0.0,0.611
VNN2,0.0,0.606,0.0,0.796
NDN,0.0,0.696,0.719,0.0
MOCOS,0.0,0.0,0.0,0.0
GLT25D2,0.985,0.0,0.17,0.0
CCL2,0.638,0.42,0.0,0.646
EYA2,0.0,0.0,0.68,0.733
RGS20,0.948,0.0,0.317,0.0
DSC2,1.0,0.0,0.0,0.0
ITGA2,0.704,0.0,0.71,0.0
SERPINI1,0.649,0.0,0.486,0.585
BMP2,0.0,1.0,0.0,0.0
GPX7,0.324,0.685,0.559,0.338
F3,0.704,0.0,0.71,0.0
CILP,0.612,0.791,0.0,0.0
COPZ2,1.0,0.0,0.0,0.0
CADM1,0.421,0.726,0.543,0.0
MX1,0.0,1.0,0.0,0.0
ZBED2,0.883,0.0,0.468,0.0
CKB,0.532,0.0,0.571,0.625
IFI6,0.49,0.872,0.0,0.0
OCA2,0.0,0.0,0.0,1.0
PDZD2,0.0,0.765,0.644,0.0
GNLY,0.646,0.0,0.0,0.763
KRT20,0.0,0.0,0.0,1.0
SGCE,0.929,0.0,0.371,0.0
HSD17B1,0.941,0.0,0.337,0.0
LPL,0.53,0.643,0.553,0.0
CTSL2,0.767,0.0,0.642,0.0
CCL11,1.0,0.0,0.0,0.0
GPC4,0.715,0.0,0.699,0.0
ATF3,0.784,0.0,0.0,0.621
MARCO,0.433,0.724,0.0,0.536
KRT1,0.0,0.668,0.744,0.0
NPR3,0.0,0.0,0.0,0.0
TNFRSF17,0.652,0.582,0.0,0.486
PIR,0.686,0.0,0.0,0.728
CD48,0.631,0.442,0.0,0.638
PAH,0.0,0.672,0.0,0.74
SLC6A8,0.954,0.0,0.298,0.0
ANXA3,0.751,0.0,0.661,0.0
MNDA,0.636,0.51,0.0,0.579
KCNJ15,0.0,0.0,1.0,0.0
SLC7A5,0.83,0.0,0.557,0.0
COL5A1,0.679,0.734,0.0,0.0
CLDN3,0.0,0.597,0.439,0.671
BIK,0.689,0.0,0.0,0.725
C3orf58,0.678,0.0,0.0,0.735
MMP12,0.707,0.425,0.0,0.566
TGFBR3,0.0,0.0,0.854,0.52
HIST3H2A,0.0,0.0,0.0,0.0
SELENBP1,0.429,0.581,0.545,0.426
LHX2,0.0,0.555,0.0,0.832
C8orf4,0.0,0.988,0.0,0.157
HRASLS3,0.828,0.0,0.561,0.0
MT1E,0.467,0.56,0.684,0.0
NUDT11,0.0,0.622,0.0,0.783
COL5A2,0.756,0.655,0.0,0.0
CPE,0.769,0.639,0.0,0.0
NMB,0.723,0.0,0.691,0.0
INSM1,0.0,0.66,0.0,0.751
KAL1,0.523,0.666,0.533,0.0
BAG2,0.788,0.0,0.0,0.616
ISG15,0.0,0.952,0.0,0.307
D4S234E,0.0,0.0,0.0,0.0
TNFAIP6,0.672,0.544,0.0,0.502
ZNF415,0.0,0.587,0.809,0.0
APOC2,0.582,0.553,0.0,0.597
COLEC12,0.617,0.567,0.546,0.0
HLA-DQB1,0.594,0.55,0.0,0.587
FZD7,0.722,0.0,0.382,0.577
ID1,0.0,0.0,0.0,0.0
PYGL,0.0,0.0,1.0,0.0
FAT2,0.0,0.0,0.0,0.0
GCLC,0.777,0.0,0.0,0.63
MFAP5,0.693,0.0,0.721,0.0
SOX2,0.98,0.0,0.197,0.0
PGD,0.765,0.0,0.0,0.644
CFH,0.0,1.0,0.0,0.0
BASP1,0.719,0.695,0.0,0.0
LY96,0.788,0.0,0.0,0.616
FCER1A,0.659,0.0,0.752,0.0
CHIT1,0.612,0.791,0.0,0.0
HIST1H4H,0.647,0.0,0.763,0.0
SCN9A,1.0,0.0,0.0,0.0
ARMCX2,0.0,0.679,0.57,0.462
GAS2,0.0,0.57,0.718,0.4
COL15A1,1.0,0.0,0.0,0.0
CAV1,0.731,0.0,0.682,0.0
HIST2H2BE,0.345,0.0,0.821,0.454
ABCC1,1.0,0.0,0.0,0.0
CPS1,0.609,0.608,0.0,0.51
BIRC3,0.0,0.753,0.0,0.658
PITX2,0.68,0.733,0.0,0.0
SYT1,0.0,0.531,0.524,0.666
CCND2,0.746,0.0,0.666,0.0
ADORA2B,0.0,0.0,0.0,0.0
KYNU,0.0,0.0,0.0,0.0
HS3ST3A1,0.791,0.0,0.0,0.612
FAP,0.686,0.548,0.478,0.0
HSPB8,0.604,0.797,0.0,0.0
ASS1,0.0,0.0,0.0,1.0
PKIA,0.0,0.613,0.79,0.0
ULBP2,0.0,0.545,0.652,0.526
WNT11,0.978,0.0,0.209,0.0
PPL,0.0,0.0,1.0,0.0
CXorf57,0.0,0.0,0.0,0.0
APOBEC3A,0.728,0.686,0.0,0.0
SLC35F2,0.0,0.699,0.715,0.0
PHLDA1,0.711,0.0,0.703,0.0
CYP4F2,0.771,0.0,0.0,0.637
IRS1,0.0,0.0,1.0,0.0
CTSK,0.809,0.587,0.0,0.0
PRKAR2B,0.427,0.355,0.395,0.732
C17orf81,0.573,0.0,0.504,0.647
SOCS2,0.867,0.498,0.0,0.0
KRT19,0.0,0.0,0.0,1.0
WASF3,0.0,0.714,0.7,0.0
PSMB9,0.574,0.593,0.0,0.565
GRP,0.712,0.0,0.702,0.0
FCGR3B,0.488,0.575,0.0,0.657
NPY,1.0,0.0,0.0,0.0
MXRA5,1.0,0.0,0.0,0.0
PLA2G7,0.576,0.541,0.0,0.613
FLJ20035,0.0,0.806,0.592,0.0
KCNS3,0.704,0.0,0.0,0.711
CYP39A1,0.42,0.62,0.663,0.0
MX2,0.0,1.0,0.0,0.0
TM4SF1,1.0,0.0,0.0,0.0
MOXD1,0.598,0.577,0.0,0.556
C10orf38,0.0,0.71,0.0,0.704
XK,0.0,1.0,0.0,0.0
IL7R,0.679,0.734,0.0,0.0
PTGDS,0.72,0.694,0.0,0.0
OLR1,0.667,0.745,0.0,0.0
ADAMTS1,1.0,0.0,0.0,0.0
C20orf42,0.625,0.0,0.781,0.0
HOXC10,0.0,0.0,0.0,0.0
TMEPAI,0.196,0.718,0.667,0.0
HIST1H1C,0.674,0.0,0.287,0.681
ALDH1A3,0.256,0.78,0.0,0.571
WISP3,0.0,1.0,0.0,0.0
DKFZP564O0823,0.482,0.647,0.0,0.591
EGR1,0.772,0.52,0.365,0.0
DDX58,0.465,0.752,0.467,0.0
FOXF2,0.0,0.488,0.703,0.517
AZGP1,0.683,0.0,0.472,0.556
HCLS1,0.741,0.0,0.0,0.672
MGLL,0.549,0.674,0.0,0.494
NUPR1,0.56,0.498,0.0,0.662
APOBEC3B,0.677,0.0,0.0,0.736
EBI2,0.676,0.559,0.0,0.481
CPVL,0.543,0.581,0.0,0.607
ORM1,0.681,0.607,0.409,0.0
SLC38A4,0.0,0.586,0.811,0.0
MMP2,0.583,0.813,0.0,0.0
VCAN,0.741,0.672,0.0,0.0
SPRY2,0.688,0.0,0.726,0.0
SLC2A10,0.0,0.582,0.766,0.272
THBS2,0.806,0.593,0.0,0.0
ARNTL2,1.0,0.0,0.0,0.0
MN1,0.673,0.0,0.74,0.0
C20orf19,0.349,0.697,0.626,0.0
SH3YL1,0.0,1.0,0.0,0.0
HCP5,0.566,0.619,0.0,0.545
PELI2,0.713,0.0,0.353,0.606
ATP2C2,0.386,0.0,0.736,0.557
TMC5,0.422,0.458,0.5,0.602
DUSP6,0.529,0.0,0.849,0.0
FCGR2B,0.631,0.579,0.0,0.517
DEPDC6,0.0,0.0,0.0,1.0
KRT24,0.495,0.0,0.498,0.712
C4orf19,0.0,0.648,0.0,0.762
KLK10,1.0,0.0,0.0,0.0
CD69,0.634,0.621,0.0,0.46
NPPC,0.0,0.664,0.0,0.748
POSTN,0.827,0.563,0.0,0.0
GPR177,0.641,0.0,0.767,0.0
ITGA6,0.587,0.0,0.614,0.527
VSIG4,0.652,0.489,0.0,0.58
BBOX1,0.0,0.72,0.694,0.0
HIST1H3H,0.542,0.0,0.84,0.0
VLDLR,0.682,0.0,0.511,0.524
CYP27B1,0.54,0.841,0.0,0.0
ARL14,0.0,0.0,0.0,0.0
CD163,0.688,0.479,0.0,0.545
XAF1,0.504,0.786,0.0,0.359
CNTN1,0.0,0.0,0.442,0.897
NLGN4X,0.0,0.0,0.0,0.0
EHF,0.0,0.649,0.68,0.342
SLC2A1,0.0,0.0,0.0,0.0
ARTN,1.0,0.0,0.0,0.0
ICAM4,0.0,0.703,0.0,0.711
TKTL1,0.0,0.0,0.0,0.0
OSGIN1,0.765,0.0,0.0,0.644
C1QB,0.613,0.55,0.0,0.568
RNASE1,0.531,0.642,0.552,0.0
PCSK1,0.55,0.582,0.599,0.0
GSTA4,0.769,0.0,0.0,0.639
TBL1XR1,0.62,0.0,0.378,0.688
KCNJ2,1.0,0.0,0.0,0.0
HERC6,0.238,0.749,0.618,0.0
SOX15,0.0,0.0,0.0,0.0
CECR1,0.0,1.0,0.0,0.0
IFIT3,0.426,0.694,0.477,0.331
ACSL5,0.0,0.76,0.65,0.0
TNFRSF11B,0.686,0.0,0.0,0.728
PPBP,0.0,0.0,1.0,0.0
PRKX,0.786,0.0,0.0,0.618
DPT,0.646,0.763,0.0,0.0
EPHB3,0.886,0.0,0.463,0.0
PGBD5,0.767,0.0,0.0,0.642
CDH11,0.711,0.704,0.0,0.0
ICAM1,0.453,0.676,0.0,0.581
PVALB,0.0,0.0,0.0,0.0
HIST1H2BC,0.601,0.0,0.799,0.0
ADM,0.0,0.0,0.0,0.0
EVI1,0.0,0.0,0.0,0.0
EVI2B,0.599,0.579,0.0,0.553
CD52,0.602,0.549,0.0,0.58
CALCA,0.0,0.59,0.808,0.0
IL1RAP,0.646,0.0,0.599,0.472
PROS1,0.703,0.0,0.712,0.0
EVI2A,0.661,0.518,0.0,0.544
KCNMB4,0.0,1.0,0.0,0.0
KHDRBS3,0.09,0.924,0.0,0.371
CRLF1,0.503,0.551,0.539,0.392
G0S2,0.558,0.635,0.0,0.534
ARHGAP29,0.767,0.0,0.642,0.0
ROBO1,0.0,1.0,0.0,0.0
NRIP3,0.776,0.0,0.0,0.631
TCEAL2,0.333,0.505,0.618,0.501
SDC2,1.0,0.0,0.0,0.0
EPB41L3,0.571,0.556,0.271,0.54
EDN1,0.914,0.0,0.406,0.0
TMPRSS3,0.0,0.742,0.0,0.671
INPP4B,0.0,0.64,0.768,0.0
WASF1,1.0,0.0,0.0,0.0
TFPI,0.669,0.744,0.0,0.0
PTPRC,0.61,0.536,0.0,0.583
CLEC7A,0.622,0.477,0.0,0.621
NBEA,0.717,0.0,0.697,0.0
CFI,0.787,0.617,0.0,0.0
IGFBP1,0.398,0.0,0.782,0.48
DFNA5,0.611,0.0,0.792,0.0
IGSF6,0.618,0.42,0.0,0.665
TIMP3,0.323,0.69,0.648,0.0
RORA,0.908,0.0,0.419,0.0
CD70,0.0,0.645,0.0,0.764
HERC5,0.433,0.758,0.0,0.487
PEG10,0.581,0.0,0.505,0.639
FOSL1,0.745,0.0,0.668,0.0
FABP5,0.0,1.0,0.0,0.0
PAPSS2,0.5,0.616,0.0,0.608
SLC2A3,0.839,0.0,0.543,0.0
MYLK,0.941,0.0,0.339,0.0
FOLH1,0.907,0.0,0.422,0.0
EPS8,0.571,0.0,0.502,0.649
F13A1,0.723,0.0,0.691,0.0
SEMA5A,0.0,0.691,0.723,0.0
TAGLN,0.684,0.729,0.0,0.0
MEIS2,0.507,0.0,0.862,0.0
CCL4,0.552,0.539,0.0,0.636
EFHD1,0.286,0.647,0.485,0.515
TSPAN12,0.0,0.0,0.842,0.54
STC1,0.64,0.768,0.0,0.0
PRR4,0.764,0.0,0.0,0.645
ITGB6,0.0,0.714,0.7,0.0
RARRES3,0.647,0.0,0.0,0.762
DCLK1,0.914,0.0,0.405,0.0
ABCC3,0.992,0.0,0.13,0.0
HGD,0.791,0.0,0.612,0.0
MYCL1,0.0,0.649,0.761,0.0
GLDC,0.731,0.0,0.683,0.0
GEM,0.864,0.503,0.0,0.0
INHBB,0.566,0.0,0.824,0.0
SRPX2,0.0,0.0,1.0,0.0
TFEC,0.608,0.542,0.0,0.581
RASIP1,0.0,0.62,0.785,0.0
CD200,0.57,0.577,0.0,0.585
IL32,0.529,0.848,0.0,0.0
KCNK1,1.0,0.0,0.0,0.0
GPX3,0.792,0.61,0.0,0.0
CLU,1.0,0.0,0.0,0.0
TRIB3,0.744,0.0,0.0,0.668
PRF1,0.635,0.0,0.0,0.773
SERPINF1,0.662,0.463,0.0,0.589
RGS1,0.681,0.535,0.0,0.5
ITGBL1,0.616,0.788,0.0,0.0
EYA1,0.652,0.0,0.34,0.678
SEMA3A,0.671,0.742,0.0,0.0
LRP4,0.775,0.0,0.631,0.0
CRMP1,0.848,0.0,0.531,0.0
BAG4,0.651,0.0,0.0,0.759
RARRES2,0.836,0.548,0.0,0.0
CD3D,0.552,0.51,0.0,0.66
TNFSF10,0.0,0.723,0.0,0.691
ATP10B,0.0,0.0,0.0,0.0
IER3,1.0,0.0,0.0,0.0
PAEP,0.781,0.625,0.0,0.0
C1QTNF3,0.563,0.654,0.505,0.0
ATP6V0A4,0.668,0.0,0.0,0.745
SNCAIP,0.0,1.0,0.0,0.0
OLFML3,0.646,0.587,0.488,0.0
DKK2,0.757,0.653,0.0,0.0
C3orf14,0.0,0.442,0.697,0.565
EMP1,0.859,0.0,0.512,0.0
AGT,0.662,0.0,0.75,0.0
ASCL1,0.0,0.672,0.0,0.741
PLS1,0.38,0.346,0.56,0.65
NAV2,0.723,0.691,0.0,0.0
HIST1H2AE,0.471,0.0,0.882,0.0
IL18,0.58,0.55,0.601,0.0
ARL4D,0.722,0.0,0.392,0.57
SCHIP1,0.973,0.0,0.232,0.0
AKAP12,0.573,0.58,0.579,0.0
KLF4,0.554,0.469,0.0,0.688
TUSC3,0.0,0.734,0.679,0.0
SORL1,0.0,0.0,1.0,0.0
PCOLCE,0.788,0.0,0.615,0.0
CRYM,0.0,0.0,0.0,1.0
GSR,0.724,0.0,0.0,0.69
ARSJ,0.839,0.0,0.544,0.0
ORM2,0.564,0.647,0.513,0.0
PSAT1,0.712,0.0,0.0,0.702
EGFL6,0.804,0.0,0.594,0.0
ATAD4,0.382,0.519,0.659,0.388
CSF2RB,0.506,0.665,0.0,0.549
HEPH,0.56,0.583,0.588,0.0
ADH1B,0.664,0.747,0.0,0.0
EFNB2,0.641,0.0,0.768,0.0
DACT1,0.577,0.638,0.509,0.0
NNMT,0.805,0.593,0.0,0.0
CYP1B1,0.78,0.626,0.0,0.0
SLC16A1,0.824,0.0,0.566,0.0
HIST1H2BG,0.0,0.519,0.772,0.366
RAGE,0.499,0.0,0.461,0.734
PDGFRL,0.677,0.638,0.366,0.0
HOPX,1.0,0.0,0.0,0.0
HLF,0.616,0.0,0.219,0.757
PDZRN3,0.639,0.587,0.497,0.0
ADA,1.0,0.0,0.0,0.0
ODC1,0.784,0.0,0.0,0.621
DPYD,0.473,0.636,0.522,0.315
PHGDH,0.0,0.0,0.0,1.0
KLK6,1.0,0.0,0.0,0.0
RIT1,0.781,0.0,0.0,0.625
IGSF3,0.859,0.0,0.512,0.0
MGP,0.716,0.698,0.0,0.0
HIST1H2AC,0.429,0.0,0.904,0.0
GLIPR1,0.847,0.0,0.531,0.0
GPR116,0.613,0.661,0.433,0.0
PPM1H,0.0,0.754,0.0,0.657
NUAK1,0.58,0.633,0.513,0.0
IL17RB,0.0,0.625,0.0,0.781
CRABP1,0.0,0.712,0.0,0.702
SLC22A3,0.0,1.0,0.0,0.0
SPAG4,0.0,0.7,0.714,0.0
CTGF,0.688,0.603,0.404,0.0
GSPT2,0.0,0.658,0.753,0.0
SPINK2,0.564,0.0,0.625,0.54
PDGFA,0.378,0.575,0.726,0.0
SLC9A3R1,0.717,0.0,0.0,0.697
CSRP2,0.821,0.0,0.571,0.0
EPHA2,0.0,0.829,0.56,0.0
MT1G,0.538,0.555,0.0,0.635
ARMCX1,0.633,0.62,0.465,0.0
LIMCH1,0.732,0.0,0.681,0.0
DNAJC12,0.774,0.0,0.0,0.633
CD2,0.517,0.58,0.0,0.629
ALOX5AP,0.632,0.547,0.0,0.548
CALB2,1.0,0.0,0.0,0.0
CTNNAL1,0.76,0.0,0.288,0.583
DUOX2,0.0,0.0,0.0,0.0
FOSB,0.662,0.749,0.0,0.0
DYNC1I1,0.647,0.0,0.57,0.506
NKG7,0.0,0.506,0.0,0.863
SULF1,1.0,0.0,0.0,0.0
PALMD,0.463,0.653,0.599,0.0
GZMK,0.542,0.524,0.0,0.657
TUFT1,0.821,0.0,0.57,0.0
FBP1,0.0,0.746,0.666,0.0
GPR126,0.0,0.616,0.556,0.558
MAGEC1,0.0,0.768,0.641,0.0
AEBP1,0.709,0.705,0.0,0.0
EDN2,0.5,0.0,0.542,0.675
CRTAC1,0.0,1.0,0.0,0.0
NRCAM,1.0,0.0,0.0,0.0
EIF2S3,0.599,0.0,0.563,0.569
FAM129A,0.611,0.437,0.0,0.66
GZMH,0.0,0.0,0.0,1.0
EGR3,0.73,0.496,0.471,0.0
GATA6,0.639,0.769,0.0,0.0
HSPA1A,0.0,1.0,0.0,0.0
CHP2,0.0,0.0,0.0,0.0
LRMP,0.0,0.703,0.606,0.373
ECM1,0.804,0.0,0.595,0.0
PRSS3,0.0,1.0,0.0,0.0
PIGR,0.781,0.0,0.625,0.0
OASL,0.0,0.747,0.536,0.393
C3,0.75,0.662,0.0,0.0
EPHA4,0.0,0.0,0.0,0.0
ACTG2,0.499,0.646,0.578,0.0
CYR61,0.772,0.635,0.0,0.0
ALCAM,0.76,0.0,0.65,0.0
ACE2,0.642,0.0,0.0,0.766
DUOX1,0.0,1.0,0.0,0.0
TESC,0.0,0.0,0.0,0.0
IGLV2-14,0.789,0.614,0.0,0.0
BCL11B,0.785,0.0,0.0,0.619
PRSS23,0.587,0.581,0.564,0.0
PPM2C,0.6,0.0,0.651,0.464
DPYSL3,0.793,0.0,0.61,0.0
SERPINE1,0.747,0.0,0.665,0.0
ANXA1,0.881,0.0,0.472,0.0
ENO2,0.0,0.399,0.614,0.681
ARD1B,0.678,0.0,0.502,0.536
NKX2-1,0.657,0.592,0.467,0.0
TRIB2,0.661,0.0,0.45,0.6
PVRL3,0.0,0.415,0.688,0.596
UGDH,0.704,0.0,0.376,0.603
AUTS2,0.0,0.599,0.682,0.42
IRS2,0.819,0.0,0.574,0.0
MAP2,0.958,0.0,0.288,0.0
IGFBP5,0.909,0.0,0.417,0.0
NID1,0.694,0.0,0.72,0.0
WNT4,0.0,0.616,0.639,0.461
OSR2,0.635,0.0,0.0,0.773
SLC44A4,0.0,0.608,0.794,0.0
KLF5,0.0,0.0,1.0,0.0
IL10RA,0.589,0.565,0.0,0.578
P2RY2,0.0,0.0,0.835,0.55
PSCDBP,0.648,0.604,0.0,0.463
MDK,0.0,0.0,0.0,0.0
CX3CL1,1.0,0.0,0.0,0.0
BACE2,0.0,0.671,0.587,0.453
PRRX1,0.635,0.613,0.47,0.0
RAB11FIP1,0.0,0.0,0.65,0.76
FMO4,0.0,0.702,0.592,0.396
DCN,0.774,0.633,0.0,0.0
GJA1,0.753,0.0,0.659,0.0
FBN1,0.678,0.642,0.359,0.0
NFE2L3,0.0,0.668,0.0,0.744
SAMSN1,0.643,0.436,0.0,0.63
C6orf105,0.0,0.701,0.0,0.713
HLA-DMA,0.586,0.6,0.0,0.545
SERPIND1,0.51,0.617,0.599,0.0
BLMH,0.744,0.0,0.0,0.669
MFAP2,0.411,0.623,0.666,0.0
PID1,0.434,0.469,0.49,0.593
SLAMF7,0.687,0.505,0.0,0.523
RAI14,0.388,0.567,0.589,0.426
SELL,0.531,0.723,0.0,0.442
PBEF1,0.723,0.0,0.0,0.691
FAS,0.456,0.668,0.0,0.588
ZNF239,0.539,0.842,0.0,0.0
ChGn,0.757,0.0,0.653,0.0
FLJ22662,0.0,0.916,0.0,0.402
SRGN,0.61,0.513,0.0,0.604
MYBPC1,0.0,0.0,0.0,0.0
BMP4,0.635,0.0,0.773,0.0
TAC1,1.0,0.0,0.0,0.0
DDAH1,0.587,0.0,0.666,0.46
PCSK5,0.823,0.0,0.568,0.0
PFN2,0.844,0.0,0.536,0.0
C1QA,0.694,0.72,0.0,0.0
CLEC4A,0.588,0.595,0.0,0.548
HIG2,0.465,0.0,0.581,0.668
CD177,0.0,0.409,0.0,0.913
DBC1,0.0,0.0,0.0,0.0
WWTR1,1.0,0.0,0.0,0.0
PLTP,0.0,0.0,0.0,0.0
ODZ4,0.722,0.0,0.24,0.649
HSD17B6,0.727,0.595,0.341,0.0
RNASE6,0.642,0.513,0.0,0.57
COMP,0.624,0.781,0.0,0.0
CTA-246H3.1,0.802,0.597,0.0,0.0
NLGN1,0.677,0.0,0.428,0.598
HMOX1,1.0,0.0,0.0,0.0
CXCL3,0.667,0.32,0.39,0.548
HOXB2,0.0,0.718,0.696,0.0
EMR1,0.0,1.0,0.0,0.0
ALOX12,0.0,0.0,0.0,0.0
GLT8D2,0.573,0.564,0.594,0.0
LRP8,0.746,0.0,0.0,0.666
BDNF,1.0,0.0,0.0,0.0
FCN3,1.0,0.0,0.0,0.0
B3GALNT1,0.0,0.0,0.0,1.0
HLA-DRA,0.582,0.59,0.0,0.56
HCK,0.751,0.0,0.0,0.66
OAS2,0.363,0.932,0.0,0.0
OAS3,0.0,0.828,0.561,0.0
CBS,0.0,0.0,0.0,1.0
THSD7A,0.845,0.0,0.534,0.0
HIST1H2BD,0.449,0.0,0.894,0.0
SEMA3C,0.0,0.597,0.802,0.0
CST7,0.523,0.582,0.0,0.622
S100B,0.706,0.512,0.0,0.49
MSX1,0.0,0.59,0.0,0.807
DNASE1L3,0.657,0.0,0.0,0.754
MS4A6A,0.662,0.456,0.0,0.594
TBX3,0.0,0.657,0.754,0.0
GATA3,0.0,0.0,0.0,0.0
GBP1,0.589,0.612,0.0,0.527
DUSP4,0.0,0.732,0.682,0.0
FKBP10,0.618,0.44,0.433,0.487
ZNF185,0.0,0.828,0.561,0.0
MOSC1,0.868,0.0,0.497,0.0
ARNT2,0.0,0.674,0.0,0.739
SLC1A3,0.789,0.0,0.615,0.0
NPL,0.766,0.0,0.0,0.642
CXCR4,0.572,0.553,0.0,0.606
CD38,0.722,0.0,0.0,0.691
CXADR,0.0,0.0,0.0,0.0
QPRT,0.487,0.532,0.566,0.399
TMEM176B,0.667,0.552,0.0,0.5
PPARG,0.0,0.0,0.0,0.0
MB,0.56,0.0,0.442,0.7
FCER1G,0.62,0.556,0.0,0.553
FBXO17,0.807,0.591,0.0,0.0
NDRG1,0.0,0.0,0.0,0.0
SOBP,0.603,0.0,0.798,0.0
BHLHB3,0.0,0.682,0.731,0.0
IGF1,0.703,0.711,0.0,0.0
CRIP2,0.0,0.653,0.757,0.0
NINJ2,0.467,0.644,0.606,0.0
KIAA1305,0.0,0.545,0.73,0.413
FAM46A,0.0,0.762,0.648,0.0
KLK12,1.0,0.0,0.0,0.0
OAS1,0.0,0.76,0.65,0.0
PDGFC,0.721,0.512,0.467,0.0
RASL11B,0.523,0.0,0.563,0.64
CYBRD1,0.778,0.0,0.628,0.0
LY6E,0.0,0.0,0.0,0.0
TCF7L1,0.482,0.589,0.649,0.0
ZDHHC11,0.965,0.0,0.262,0.0
RAB40B,0.669,0.0,0.303,0.678
CD3G,0.493,0.559,0.0,0.667
MT1X,0.67,0.0,0.488,0.56
STON1,0.794,0.0,0.608,0.0
DKK4,0.0,0.0,0.0,0.0
UPP1,0.572,0.0,0.82,0.0
SOX11,0.0,0.697,0.717,0.0
PRRG4,0.0,0.0,0.0,0.0
TMEM47,0.0,0.607,0.795,0.0
PGF,0.876,0.0,0.483,0.0
SLC1A4,0.742,0.0,0.252,0.622
SLCO3A1,1.0,0.0,0.0,0.0
COL9A3,0.0,0.54,0.622,0.567
GPC1,0.701,0.0,0.713,0.0
LTBP1,0.687,0.0,0.727,0.0
LMO4,0.645,0.0,0.0,0.765
BDH1,0.632,0.0,0.332,0.701
DNAJC15,0.614,0.0,0.789,0.0
TMEM118,0.0,0.718,0.0,0.696
FGFR3,0.0,0.0,0.0,0.0
ABLIM1,0.642,0.0,0.767,0.0
HSPA4L,0.719,0.0,0.0,0.695
ITGB2,0.602,0.576,0.0,0.553
UGT2B17,0.568,0.625,0.536,0.0
MFAP4,0.549,0.647,0.529,0.0
LAMC2,0.727,0.0,0.687,0.0
SPAG1,0.0,0.542,0.585,0.603
EIF4EBP1,0.737,0.0,0.0,0.676
LRIG1,0.74,0.0,0.0,0.673
NCF2,0.675,0.488,0.0,0.554
NAP1L2,1.0,0.0,0.0,0.0
MGMT,0.0,0.651,0.709,0.272
NID2,0.651,0.585,0.485,0.0
ZNF83,0.0,0.754,0.657,0.0
HSPC159,0.693,0.0,0.463,0.552
BLNK,0.295,0.665,0.587,0.355
ADRB2,0.0,0.7,0.714,0.0
PF4V1,0.0,0.0,0.0,0.0
IFIH1,0.0,0.851,0.0,0.524
ALX1,0.616,0.0,0.0,0.788
AYTL2,0.551,0.566,0.614,0.0
TNFRSF21,0.0,0.0,1.0,0.0
PDE4B,0.545,0.613,0.0,0.571
NOX4,0.719,0.0,0.695,0.0
FHOD3,0.0,0.735,0.678,0.0
ST3GAL1,0.0,0.0,1.0,0.0
SCUBE2,0.672,0.0,0.741,0.0
LPHN2,0.375,0.565,0.735,0.0
BICD2,1.0,0.0,0.0,0.0
PRDM13,0.0,0.0,0.0,0.0
NR4A2,0.676,0.737,0.0,0.0
ANKRD15,0.0,0.704,0.71,0.0
ARG2,0.0,0.0,0.894,0.448
C6orf15,0.734,0.679,0.0,0.0
ELF3,0.0,0.0,0.0,0.0
IGF1R,0.0,1.0,0.0,0.0
ASRGL1,0.558,0.171,0.0,0.812
CXCL12,1.0,0.0,0.0,0.0
OLFML2A,0.597,0.0,0.802,0.0
CTAG2,0.0,0.0,0.799,0.601
TGFBI,0.766,0.643,0.0,0.0
SLC27A2,0.687,0.0,0.726,0.0
CEBPA,0.605,0.416,0.0,0.679
CD53,0.615,0.553,0.0,0.562
SHROOM2,0.0,0.599,0.801,0.0
C1orf61,0.0,0.0,0.0,1.0
TYROBP,0.629,0.573,0.0,0.526
DKFZP586H2123,0.772,0.0,0.0,0.635
TUBB3,0.513,0.576,0.637,0.0
FBXO2,0.0,0.832,0.0,0.555
HTRA1,0.743,0.0,0.67,0.0
IMPA2,1.0,0.0,0.0,0.0
C1S,1.0,0.0,0.0,0.0
SCIN,0.694,0.0,0.4,0.599
CD1A,0.761,0.649,0.0,0.0
KCNN4,0.0,0.648,0.761,0.0
FJX1,0.77,0.0,0.638,0.0
SLCO2A1,0.395,0.692,0.604,0.0
ABCC2,0.0,0.0,0.0,0.0
ATP12A,0.655,0.756,0.0,0.0
LARP6,0.0,0.648,0.466,0.603
IL15,0.422,0.705,0.0,0.571
LOXL1,0.596,0.67,0.0,0.443
GPR143,0.0,1.0,0.0,0.0
SPARCL1,0.898,0.0,0.439,0.0
ID4,0.305,0.632,0.712,0.0
AQP9,0.559,0.632,0.0,0.536
FXYD6,0.794,0.607,0.0,0.0
GLS2,0.0,0.0,0.0,1.0
HLA-DMB,0.593,0.57,0.0,0.569
RIPK4,0.0,0.0,0.0,0.0
CSN3,0.0,0.0,0.77,0.638
CXorf9,0.597,0.526,0.0,0.605
FAT,0.0,0.0,0.0,0.0
TRIM29,0.0,0.0,0.0,0.0
TACSTD1,0.705,0.0,0.0,0.709
IFIT2,0.456,0.731,0.508,0.0
CTSS,0.514,0.665,0.0,0.542
COL1A1,0.666,0.746,0.0,0.0
KCTD14,0.397,0.918,0.0,0.0
DUSP5,0.0,0.608,0.794,0.0
OMD,0.579,0.571,0.581,0.0
DEFA5,0.0,0.647,0.763,0.0
FXYD5,0.469,0.883,0.0,0.0
TUBB2A,0.69,0.393,0.0,0.608
TGM1,0.568,0.549,0.613,0.0
GRB14,0.74,0.0,0.313,0.596
ATP8A2,0.0,1.0,0.0,0.0
KLF7,0.325,0.69,0.647,0.0
HSD17B3,0.707,0.0,0.344,0.617
NXN,0.0,1.0,0.0,0.0
GPR171,0.57,0.539,0.0,0.62
MID1,0.613,0.0,0.79,0.0
LPXN,0.561,0.828,0.0,0.0
DPP4,0.578,0.593,0.561,0.0
LRP12,1.0,0.0,0.0,0.0
PMAIP1,0.732,0.0,0.0,0.681
LYZ,0.596,0.584,0.0,0.551
SAMD9,0.0,1.0,0.0,0.0
HAL,0.0,0.0,0.0,0.0
CLEC5A,0.671,0.741,0.0,0.0
CHI3L2,0.758,0.0,0.0,0.653
CYP2J2,0.0,0.0,0.0,0.0
PDGFD,0.0,0.71,0.704,0.0
TP63,0.712,0.0,0.406,0.572
FBXL7,0.443,0.656,0.611,0.0
ABCA12,0.0,0.0,0.0,1.0
ATP11B,0.781,0.0,0.625,0.0
PRSS8,0.636,0.0,0.447,0.63
WNT5B,0.0,0.617,0.787,0.0
VIL1,0.0,0.625,0.78,0.0
PCDH8,0.0,0.752,0.659,0.0
ASNS,0.608,0.0,0.0,0.794
LPHN3,0.712,0.0,0.703,0.0
C1orf165,0.0,0.0,0.836,0.549
GALNT6,0.61,0.0,0.575,0.545
PLK2,0.72,0.693,0.0,0.0
COL1A2,0.705,0.709,0.0,0.0
LCP2,0.577,0.553,0.0,0.601
B4GALNT1,0.78,0.0,0.0,0.626
PPP1R3C,0.0,0.697,0.717,0.0
MAL,0.0,0.0,0.802,0.597
ADFP,0.0,0.793,0.0,0.609
C9orf3,0.0,0.0,0.0,0.0
SYNGR3,0.0,0.0,0.0,0.0
SLIT2,0.843,0.0,0.538,0.0
IRX5,0.438,0.0,0.707,0.555
KIAA0802,0.595,0.0,0.804,0.0
ACPP,0.589,0.559,0.0,0.584
GNAI1,0.584,0.56,0.588,0.0
GIMAP4,0.572,0.605,0.0,0.554
CCL21,0.787,0.617,0.0,0.0
SNX10,0.745,0.667,0.0,0.0
KLHL9,0.577,0.411,0.4,0.582
HSPB3,0.761,0.0,0.0,0.648
CDO1,0.799,0.601,0.0,0.0
BACH2,0.801,0.0,0.599,0.0
GPNMB,0.937,0.0,0.349,0.0
C7orf10,0.684,0.0,0.73,0.0
DUSP10,0.44,0.555,0.499,0.499
FGL2,0.603,0.51,0.0,0.613
TNFAIP3,0.766,0.643,0.0,0.0
MIA,0.0,0.65,0.0,0.76
OLFML2B,0.595,0.581,0.555,0.0
ANPEP,0.549,0.628,0.553,0.0
C5orf13,0.678,0.598,0.427,0.0
FADS1,0.79,0.0,0.0,0.613
CEP70,0.0,0.572,0.546,0.613
KIAA0644,0.384,0.683,0.0,0.621
UGT1A8,1.0,0.0,0.0,0.0
LCP1,0.521,0.632,0.0,0.573
PTPN13,0.0,0.0,0.0,0.0
MATN3,0.4,0.69,0.0,0.604
FCGR2A,0.763,0.646,0.0,0.0
STC2,1.0,0.0,0.0,0.0
ARSE,0.655,0.0,0.755,0.0
ELOVL4,0.434,0.697,0.0,0.571
GSN,0.922,0.0,0.388,0.0
INPP1,0.0,0.0,0.0,0.0
LIPG,0.5,0.866,0.0,0.0
FILIP1L,0.892,0.0,0.453,0.0
DAB2,0.749,0.662,0.0,0.0
ALDOC,0.0,0.0,0.0,1.0
HIST1H2BH,0.658,0.0,0.753,0.0
RTN1,0.751,0.66,0.0,0.0
SMARCD3,0.745,0.0,0.0,0.667
B4GALT4,0.0,0.641,0.664,0.385
EDNRA,0.6,0.58,0.55,0.0
SNAPC1,0.673,0.0,0.491,0.553
HLA-DPB1,0.558,0.624,0.0,0.548
MICALL1,0.0,0.0,1.0,0.0
CLDN18,0.0,0.873,0.0,0.488
APOBEC3G,0.0,0.667,0.0,0.745
SNF1LK,0.0,1.0,0.0,0.0
HOXA1,0.0,0.0,1.0,0.0
ECM2,0.656,0.638,0.404,0.0
NOV,0.0,0.0,0.0,0.0
NEO1,0.698,0.0,0.716,0.0
ALDH3A2,1.0,0.0,0.0,0.0
NOS2A,0.0,0.0,0.0,0.0
SSBP2,0.725,0.0,0.0,0.688
ANGPT1,1.0,0.0,0.0,0.0
VEGFC,0.442,0.595,0.671,0.0
IGFBP4,0.0,0.0,0.0,0.0
PLAG1,0.0,0.0,0.839,0.544
BLVRB,0.735,0.0,0.0,0.678
HS3ST2,0.731,0.683,0.0,0.0
CALML3,0.0,0.0,0.0,0.0
HHEX,0.775,0.0,0.0,0.633
PTRF,0.764,0.0,0.646,0.0
INHBA,0.571,0.646,0.508,0.0
IL4R,0.0,0.731,0.683,0.0
DSE,0.697,0.62,0.361,0.0
AK3L1,0.732,0.0,0.33,0.596
MANSC1,0.602,0.0,0.667,0.44
SPON1,0.635,0.773,0.0,0.0
SYT17,0.0,0.0,0.0,0.0
TNFRSF12A,0.685,0.0,0.729,0.0
THY1,0.67,0.742,0.0,0.0
ERBB3,0.0,0.672,0.741,0.0
ABCA3,0.455,0.742,0.0,0.492
FUT8,0.7,0.0,0.459,0.547
SGPP1,0.475,0.509,0.52,0.496
RAI2,0.0,0.756,0.654,0.0
LAMB1,0.645,0.0,0.764,0.0
CORO1A,0.572,0.536,0.0,0.621
C9orf95,0.766,0.0,0.642,0.0
COBL,0.558,0.617,0.555,0.0
RAMP1,0.633,0.0,0.0,0.774
TREM2,0.651,0.649,0.393,0.0
ATP6V0E2,0.55,0.0,0.0,0.835
TUBB6,1.0,0.0,0.0,0.0
NEDD9,0.836,0.0,0.549,0.0
RASGRP1,0.69,0.27,0.0,0.671
SDC1,0.0,0.0,0.0,0.0
ANKRD57,1.0,0.0,0.0,0.0
GOLM1,0.0,0.766,0.643,0.0
ITPKB,0.748,0.0,0.664,0.0
UGT8,0.741,0.0,0.0,0.671
CHN1,0.646,0.626,0.437,0.0
DACH1,0.755,0.0,0.655,0.0
MAOB,0.689,0.581,0.433,0.0
C20orf103,0.344,0.633,0.694,0.0
CLEC3B,0.6,0.437,0.495,0.452
ENPP4,0.0,0.826,0.0,0.564
SULT1A1,0.72,0.0,0.0,0.694
ENDOD1,0.812,0.0,0.584,0.0
SPP1,1.0,0.0,0.0,0.0
PC,0.753,0.0,0.253,0.608
MFHAS1,0.795,0.0,0.0,0.607
CD302,0.655,0.573,0.493,0.0
ETV5,0.894,0.0,0.448,0.0
MYL9,0.565,0.825,0.0,0.0
KIF1A,0.0,1.0,0.0,0.0
UPK1A,0.0,0.0,0.0,0.0
IL19,0.0,0.0,0.0,1.0
ELF5,0.0,0.549,0.585,0.597
VGLL1,0.0,0.607,0.795,0.0
IL12RB2,0.0,0.726,0.688,0.0
MORC4,0.609,0.0,0.451,0.652
ETFB,0.765,0.0,0.0,0.644
ATP2B1,0.841,0.0,0.54,0.0
ACAA2,0.438,0.687,0.0,0.58
ISG20,0.624,0.466,0.0,0.627
LTB,0.509,0.861,0.0,0.0
CHST11,0.577,0.706,0.0,0.41
TP53I3,0.0,0.0,1.0,0.0
LST1,0.632,0.412,0.0,0.656
PLAGL1,0.78,0.626,0.0,0.0
RPP25,0.626,0.0,0.0,0.78
DEPDC1,0.58,0.0,0.0,0.815
SNCA,0.778,0.0,0.628,0.0
AIM1,0.0,0.739,0.674,0.0
CACNA2D3,0.611,0.0,0.551,0.568
PLLP,0.582,0.0,0.622,0.523
ATP10D,0.522,0.0,0.853,0.0
CLIC2,0.447,0.615,0.0,0.65
CD14,0.778,0.628,0.0,0.0
F12,0.0,0.0,0.0,0.0
CDA,0.0,0.676,0.737,0.0
PCSK1N,0.0,0.0,0.0,0.0
HOXA5,0.0,1.0,0.0,0.0
NEFM,1.0,0.0,0.0,0.0
SCN3A,0.444,0.0,0.697,0.564
IFITM1,0.86,0.511,0.0,0.0
MCOLN3,0.731,0.0,0.683,0.0
FOXC1,0.0,0.68,0.733,0.0
ABCA8,0.738,0.675,0.0,0.0
DNAH17,0.0,0.567,0.711,0.416
SCNN1B,0.0,0.0,1.0,0.0
KDELR3,0.821,0.0,0.57,0.0
JUP,0.0,0.0,0.0,0.0
UBE1L2,0.512,0.0,0.499,0.699
SLC26A4,0.621,0.0,0.0,0.784
KRT75,0.0,1.0,0.0,0.0
RHOBTB3,0.539,0.637,0.0,0.552
ACTA2,0.611,0.792,0.0,0.0
HIST1H2BK,0.636,0.0,0.771,0.0
ECGF1,0.534,0.537,0.0,0.653
MAPK10,0.0,0.0,0.0,0.0
GMFG,0.641,0.5,0.0,0.582
CRISPLD2,0.735,0.678,0.0,0.0
C3AR1,0.636,0.549,0.0,0.543
ABP1,0.0,0.692,0.721,0.0
NRGN,0.526,0.622,0.58,0.0
C9orf82,0.0,0.0,1.0,0.0
PROCR,0.562,0.0,0.827,0.0
MAP9,0.306,0.0,0.852,0.424
COX7A1,0.658,0.566,0.497,0.0
SDC4,0.0,0.64,0.769,0.0
MPZL2,0.0,0.0,0.85,0.527
GLCE,0.617,0.0,0.6,0.51
C21orf91,0.74,0.0,0.0,0.673
GOLGA8A,0.0,0.769,0.0,0.64
CALCB,0.628,0.0,0.779,0.0
RGS16,0.726,0.687,0.0,0.0
TMOD1,0.629,0.0,0.0,0.777
STARD5,0.762,0.0,0.0,0.648
CACNA2D2,0.512,0.591,0.491,0.384
RAB31,0.726,0.688,0.0,0.0
ACP5,0.761,0.649,0.0,0.0
FBLN5,0.423,0.754,0.0,0.503
FAM50B,0.515,0.0,0.239,0.823
CBLC,0.0,0.731,0.683,0.0
DSCR6,0.0,0.0,0.0,0.0
CDH2,0.183,0.678,0.712,0.0
SDPR,0.76,0.0,0.0,0.65
SENP5,0.691,0.0,0.291,0.661
HSPA6,0.579,0.675,0.0,0.457
DKK3,0.848,0.0,0.529,0.0
GAD1,0.0,0.581,0.0,0.814
NETO2,0.606,0.619,0.0,0.5
KLRB1,0.608,0.424,0.0,0.671
CX3CR1,0.0,0.705,0.709,0.0
CCDC46,0.662,0.749,0.0,0.0
COLEC11,0.71,0.0,0.0,0.704
SLA,0.632,0.531,0.0,0.565
BTN3A3,0.465,0.729,0.0,0.503
HPSE,0.726,0.0,0.324,0.607
FA2H,0.0,0.547,0.661,0.514
DSC1,0.0,0.721,0.693,0.0
GALNAC4S-6ST,1.0,0.0,0.0,0.0
MYO5C,0.0,0.76,0.0,0.65
SRD5A1,0.693,0.0,0.721,0.0
CLIP4,1.0,0.0,0.0,0.0
SGEF,0.751,0.0,0.0,0.66
IL24,0.0,0.0,1.0,0.0
STAP2,0.0,0.451,0.547,0.706
LIN7A,0.902,0.0,0.432,0.0
MEIS1,0.0,0.617,0.697,0.366
ITM2A,0.552,0.515,0.0,0.656
CNN3,0.639,0.519,0.0,0.568
ITGA3,0.0,0.614,0.789,0.0
PTER,0.0,0.793,0.61,0.0
APOH,0.613,0.632,0.473,0.0
C5,0.963,0.0,0.27,0.0
CFD,0.0,1.0,0.0,0.0
DDHD2,0.0,0.0,0.628,0.778
HOXB6,0.0,0.0,0.0,0.0
ALOX15B,0.552,0.546,0.479,0.41
CDC42EP3,0.622,0.457,0.345,0.533
ZNF468,0.0,0.652,0.758,0.0
TNIK,0.716,0.0,0.698,0.0
DSG1,0.542,0.84,0.0,0.0
RICS,0.0,0.595,0.803,0.0
RHOH,0.708,0.347,0.0,0.615
PSTPIP2,0.749,0.0,0.0,0.663
CYP26B1,0.487,0.661,0.57,0.0
REEP1,0.862,0.0,0.508,0.0
ZNF323,0.637,0.0,0.566,0.523
GC,0.0,0.0,0.0,0.0
TRPS1,0.708,0.524,0.473,0.0
CAP2,0.649,0.0,0.761,0.0
GNA15,0.0,0.633,0.774,0.0
FKBP11,0.704,0.71,0.0,0.0
HMGCS1,0.678,0.0,0.263,0.687
SEZ6L2,0.0,0.781,0.624,0.0
DPY19L1,0.831,0.0,0.556,0.0
F2RL1,0.0,0.0,1.0,0.0
ZNF165,0.0,0.684,0.73,0.0
WIPI1,0.662,0.0,0.365,0.655
GNG11,0.591,0.572,0.569,0.0
GALNT12,0.0,0.622,0.783,0.0
BNIP3,0.746,0.0,0.0,0.666
PPP1R13L,0.0,0.662,0.749,0.0
GABRR1,0.407,0.595,0.0,0.693
GLI3,0.0,0.709,0.705,0.0
LRRC8E,0.67,0.0,0.742,0.0
USP13,0.701,0.0,0.0,0.714
PLOD2,0.72,0.238,0.0,0.651
DDIT4,0.735,0.678,0.0,0.0
FLJ10986,0.0,0.0,0.0,0.0
LBH,0.852,0.0,0.524,0.0
GPM6B,0.539,0.0,0.729,0.423
HOOK1,0.393,0.436,0.606,0.538
HNT,0.708,0.0,0.706,0.0
MS4A1,0.723,0.69,0.0,0.0
S100A4,0.0,0.583,0.812,0.0
LAX1,0.572,0.536,0.0,0.621
GFPT2,0.642,0.766,0.0,0.0
MAD1L1,0.0,0.676,0.6,0.428
AFP,0.0,0.0,0.0,0.0
EMP3,0.699,0.715,0.0,0.0
MPPED2,0.0,0.438,0.661,0.609
HOXC4,0.0,0.0,1.0,0.0
ABCG2,0.688,0.0,0.525,0.501
BMP5,0.627,0.6,0.496,0.0
TMEM176A,0.661,0.562,0.0,0.498
GPD1L,0.0,0.361,0.647,0.671
SFN,0.0,0.0,0.0,0.0
NRAS,0.565,0.0,0.411,0.716
MEST,0.728,0.0,0.0,0.685
C12orf24,0.656,0.0,0.0,0.755
PIK3CA,0.735,0.0,0.341,0.586
CADPS2,0.544,0.678,0.495,0.0
UCP2,0.519,0.645,0.0,0.561
PTPRE,0.537,0.612,0.58,0.0
KCNK3,0.0,0.663,0.749,0.0
PRKD1,0.922,0.0,0.388,0.0
GUCY1A3,0.774,0.0,0.633,0.0
EFS,0.0,0.0,1.0,0.0
TYRP1,0.498,0.867,0.0,0.0
KLHL23,0.696,0.0,0.0,0.718
C14orf132,0.0,0.796,0.0,0.605
CHST1,1.0,0.0,0.0,0.0
DUSP14,1.0,0.0,0.0,0.0
CYBB,0.627,0.526,0.0,0.575
RNASE4,0.272,0.633,0.725,0.0
PPAP2C,0.604,0.0,0.0,0.797
LMCD1,0.909,0.0,0.417,0.0
C1orf34,0.0,0.54,0.0,0.842
CCR1,0.615,0.564,0.0,0.551
EGR2,1.0,0.0,0.0,0.0
SCGB2A1,0.0,1.0,0.0,0.0
FAM59A,0.0,0.0,0.0,0.0
FLJ20160,0.573,0.0,0.429,0.698
IGL@,0.787,0.617,0.0,0.0
DRAM,0.579,0.682,0.447,0.0
C1orf103,0.349,0.0,0.641,0.683
TMEM156,0.753,0.0,0.0,0.658
LGALS1,0.71,0.704,0.0,0.0
P53AIP1,0.0,0.815,0.0,0.579
SLC15A2,0.509,0.0,0.466,0.724
SLC7A7,0.64,0.548,0.0,0.538
CLC,0.0,0.503,0.572,0.648
ENPP2,0.577,0.634,0.0,0.516
OSBPL10,0.693,0.0,0.721,0.0
ABCC4,0.566,0.0,0.825,0.0
HOXA4,0.36,0.572,0.737,0.0
HLA-DPA1,0.568,0.609,0.0,0.554
COL3A1,0.808,0.59,0.0,0.0
ERO1L,0.561,0.0,0.716,0.416
TMEM30B,0.0,0.642,0.766,0.0
HYAL1,0.79,0.0,0.613,0.0
ERLIN2,0.0,0.0,0.799,0.601
MYH10,0.585,0.522,0.621,0.0
SYCP2,0.0,0.723,0.0,0.691
RAPGEFL1,0.0,0.0,0.0,0.0
CCNE1,0.456,0.652,0.0,0.606
HIST1H3D,0.0,0.0,1.0,0.0
SCRN1,0.506,0.576,0.642,0.0
FER1L3,0.0,0.0,0.0,0.0
GCH1,0.0,0.658,0.0,0.753
FADD,0.0,0.0,0.0,1.0
SMAD7,0.374,0.712,0.594,0.0
NRIP1,0.492,0.551,0.674,0.0
CENTD1,0.0,0.688,0.726,0.0
STK17B,0.748,0.0,0.0,0.664
CDKN3,0.686,0.0,0.0,0.727
COL6A2,0.617,0.787,0.0,0.0
TAP1,0.581,0.645,0.0,0.497
EPHB6,0.0,0.0,0.0,0.0
ZFP36,0.62,0.785,0.0,0.0
B3GNT2,0.621,0.0,0.467,0.63
THNSL2,0.0,0.722,0.692,0.0
NUAK2,0.807,0.0,0.59,0.0
SKAP1,0.509,0.608,0.0,0.61
NUDT2,0.0,0.0,0.0,1.0
SERPINB1,0.867,0.0,0.499,0.0
JAG1,0.868,0.0,0.496,0.0
STXBP1,0.653,0.757,0.0,0.0
FCGR1A,0.614,0.477,0.0,0.628
ICAM3,0.528,0.625,0.0,0.576
MGC72080,0.581,0.0,0.415,0.7
LYN,0.672,0.0,0.0,0.74
SHOX2,0.636,0.0,0.772,0.0
CUGBP2,0.612,0.619,0.0,0.493
HSD17B8,0.527,0.0,0.367,0.767
DYNLT3,0.706,0.0,0.708,0.0
GSTM4,0.771,0.0,0.0,0.637
HSD11B1,0.715,0.457,0.0,0.53
PBX3,0.552,0.67,0.497,0.0
FYB,0.498,0.66,0.0,0.562
NRXN3,0.0,0.0,1.0,0.0
RELN,0.61,0.542,0.33,0.474
DPM3,0.548,0.0,0.534,0.643
DOCK4,0.637,0.502,0.0,0.585
FBLN2,0.557,0.653,0.514,0.0
RHOB,0.485,0.874,0.0,0.0
TXNIP,0.0,1.0,0.0,0.0
FGR,0.602,0.799,0.0,0.0
POF1B,0.0,0.0,1.0,0.0
GRB7,0.0,0.0,1.0,0.0
TUBA4A,0.867,0.0,0.498,0.0
CCNE2,0.624,0.0,0.0,0.782
RRAS,0.502,0.611,0.612,0.0
LY86,0.75,0.661,0.0,0.0
VASH2,0.0,0.692,0.0,0.722
ID3,0.528,0.549,0.648,0.0
HOXA10,0.0,0.663,0.748,0.0
RCAN2,0.574,0.634,0.519,0.0
C1orf38,0.553,0.622,0.0,0.553
SPHK1,0.837,0.0,0.547,0.0
TLR5,0.72,0.0,0.0,0.694
SDCCAG8,0.687,0.0,0.0,0.727
PIM2,0.623,0.536,0.0,0.569
RAC2,0.716,0.698,0.0,0.0
AOAH,0.712,0.0,0.0,0.702
TNNI3,0.522,0.585,0.62,0.0
KRT8,0.0,0.0,0.586,0.81
SLAMF8,0.642,0.576,0.0,0.506
PLAUR,0.723,0.691,0.0,0.0
IL2RB,0.462,0.635,0.0,0.62
GYPC,0.494,0.608,0.0,0.622
EXPH5,0.802,0.0,0.598,0.0
LGR4,0.7,0.0,0.714,0.0
KRT7,0.0,0.7,0.715,0.0
FAM57A,0.775,0.0,0.632,0.0
MCCC1,0.633,0.0,0.0,0.774
COL16A1,0.561,0.828,0.0,0.0
ANP32A,0.454,0.0,0.546,0.704
TIPARP,0.796,0.606,0.0,0.0
ERO1LB,0.0,0.604,0.0,0.797
EPB41L4B,0.64,0.405,0.0,0.653
DARC,0.646,0.764,0.0,0.0
PLD1,0.983,0.0,0.184,0.0
BCL2L14,0.0,0.0,0.0,0.0
EDG2,0.861,0.0,0.509,0.0
RRAGD,0.683,0.0,0.0,0.731
AOC3,0.594,0.804,0.0,0.0
TTC9,0.597,0.0,0.532,0.601
SH3TC1,0.273,0.855,0.0,0.441
RFTN1,0.0,1.0,0.0,0.0
ST6GALNAC5,0.694,0.72,0.0,0.0
EGF,0.727,0.0,0.0,0.686
TPBG,0.0,0.687,0.727,0.0
SSPN,0.0,0.72,0.694,0.0
COL6A3,0.78,0.625,0.0,0.0
HOXD10,0.0,0.908,0.0,0.419
MYO10,0.814,0.0,0.581,0.0
DOCK2,0.583,0.533,0.0,0.612
ZNF652,0.0,0.0,0.0,0.0
GRAMD1C,0.0,0.653,0.758,0.0
LXN,0.707,0.707,0.0,0.0
DAAM1,0.0,0.615,0.789,0.0
KLHL7,0.643,0.0,0.4,0.653
SLC24A3,0.476,0.661,0.58,0.0
CLDN4,0.577,0.0,0.222,0.786
GRB10,0.685,0.0,0.29,0.668
DHRS3,0.0,0.0,0.0,0.0
SCG3,0.345,0.596,0.586,0.427
SGCG,0.458,0.474,0.616,0.432
GLTP,0.452,0.0,0.57,0.686
CRNN,0.813,0.583,0.0,0.0
AVPI1,0.0,0.0,0.0,0.0
NUP62CL,0.559,0.0,0.299,0.774
EXT1,1.0,0.0,0.0,0.0
ZNF365,0.67,0.742,0.0,0.0
CLDN7,0.0,1.0,0.0,0.0
LHFP,0.593,0.565,0.574,0.0
EZH2,0.667,0.0,0.0,0.745
tcag7.1314,1.0,0.0,0.0,0.0
GIMAP6,0.56,0.546,0.0,0.623
RASSF2,0.558,0.596,0.0,0.577
HDHD1A,0.607,0.0,0.525,0.597
SETBP1,0.643,0.0,0.551,0.532
NES,0.53,0.848,0.0,0.0
CGA,0.0,0.744,0.668,0.0
PLSCR4,0.661,0.529,0.0,0.533
PCTP,0.0,1.0,0.0,0.0
COL8A2,0.44,0.809,0.0,0.39
SMYD3,0.776,0.0,0.631,0.0
CORO2A,0.0,0.0,1.0,0.0
PLA2G2A,0.581,0.645,0.496,0.0
FRZB,0.59,0.667,0.0,0.456
CD74,0.489,0.872,0.0,0.0
RPRM,0.0,0.61,0.0,0.793
NGFR,0.0,0.486,0.0,0.874
EML1,0.671,0.0,0.742,0.0
PBK,0.77,0.0,0.0,0.638
CD55,0.482,0.652,0.585,0.0
APOA2,0.654,0.0,0.757,0.0
KLRK1,0.516,0.517,0.0,0.683
FOLR2,0.789,0.0,0.615,0.0
C14orf147,0.875,0.0,0.484,0.0
CREB5,0.823,0.0,0.567,0.0
SLC28A3,0.0,1.0,0.0,0.0
C1orf106,0.0,0.677,0.736,0.0
JAM3,0.584,0.61,0.535,0.0
SV2A,0.835,0.0,0.551,0.0
FUT3,0.0,0.0,0.637,0.771
CR2,0.786,0.618,0.0,0.0
CMAH,0.469,0.56,0.493,0.473
LMO2,0.218,0.626,0.749,0.0
PLCD1,0.0,0.712,0.703,0.0
HOXD1,0.0,0.59,0.737,0.329
IL23A,0.0,0.0,0.0,0.0
SELE,0.529,0.708,0.0,0.468
SPON2,0.68,0.0,0.733,0.0
PSD3,0.733,0.0,0.68,0.0
PITPNC1,0.0,0.664,0.0,0.748
ID2,0.175,0.861,0.0,0.477
DNAJB4,1.0,0.0,0.0,0.0
AKR1B1,1.0,0.0,0.0,0.0
NME5,0.0,0.648,0.762,0.0
FAM131A,0.982,0.0,0.189,0.0
LAMA2,0.494,0.599,0.63,0.0
SLC39A4,0.0,0.0,0.614,0.789
P2RY5,0.0,0.972,0.0,0.236
USP18,0.505,0.522,0.43,0.537
NR3C2,0.0,0.701,0.713,0.0
OSMR,0.768,0.0,0.641,0.0
FSCN1,0.607,0.0,0.795,0.0
GP2,0.0,0.0,0.0,0.0
SVIL,0.9,0.0,0.437,0.0
DPEP3,0.0,0.0,1.0,0.0
SLC2A9,0.0,0.0,0.0,0.0
CD44,0.916,0.0,0.402,0.0
TNFRSF1B,0.537,0.604,0.0,0.588
SLC16A4,0.66,0.751,0.0,0.0
SMPDL3A,0.0,0.891,0.0,0.454
TKT,0.0,0.0,0.0,0.0
PPFIA1,0.0,0.464,0.0,0.886
USP46,0.419,0.0,0.696,0.583
PLEK,0.609,0.556,0.0,0.565
ANGPTL4,0.0,0.0,0.775,0.632
PPP1R9A,0.0,0.773,0.634,0.0
TLR2,0.75,0.0,0.329,0.574
SPRY1,0.604,0.534,0.591,0.0
LSAMP,0.438,0.729,0.0,0.525
PYCARD,0.0,0.0,0.0,0.0
SERPING1,0.612,0.791,0.0,0.0
DPYSL2,0.628,0.683,0.372,0.0
TMEM35,0.501,0.0,0.791,0.351
CTSH,0.0,0.711,0.703,0.0
LAPTM5,0.591,0.646,0.0,0.483
ADAMTS3,0.0,0.915,0.0,0.404
SLC12A2,0.0,0.0,0.0,1.0
NPM3,0.631,0.0,0.275,0.726
GPR125,0.35,0.0,0.937,0.0
PLEKHA1,0.914,0.0,0.406,0.0
PALLD,0.792,0.0,0.0,0.611
MAP3K8,0.682,0.5,0.0,0.534
FHL1,0.576,0.548,0.607,0.0
ICAM2,0.499,0.587,0.0,0.637
GPR65,0.614,0.499,0.0,0.612
ZFPM2,0.688,0.522,0.0,0.505
PLN,0.648,0.762,0.0,0.0
MEOX2,0.696,0.718,0.0,0.0
GJB3,0.0,0.651,0.759,0.0
IRF1,0.0,0.663,0.0,0.748
EPB41L2,0.804,0.0,0.0,0.595
C15orf29,0.58,0.0,0.627,0.52
PLEKHB1,0.0,1.0,0.0,0.0
SLC27A5,0.691,0.0,0.0,0.723
MAN1C1,0.624,0.644,0.442,0.0
PTPRG,0.729,0.0,0.685,0.0
LAD1,0.0,0.0,0.0,0.0
ASB9,0.617,0.0,0.0,0.787
HIST1H2BF,0.632,0.0,0.775,0.0
PSMB8,0.532,0.649,0.0,0.544
XYLT1,0.487,0.716,0.5,0.0
USP9Y,0.0,0.578,0.585,0.569
PTBP2,0.383,0.515,0.528,0.556
HAMP,0.611,0.636,0.0,0.471
EAF2,0.499,0.442,0.0,0.745
C1orf116,0.0,0.604,0.797,0.0
C11orf71,0.504,0.0,0.605,0.616
RCAN1,0.704,0.0,0.325,0.631
FLRT2,0.576,0.0,0.817,0.0
CRYZ,0.0,0.533,0.607,0.59
UNC13B,0.0,0.56,0.697,0.448
DST,0.91,0.0,0.414,0.0
GNE,0.622,0.0,0.488,0.612
CHD7,0.0,0.685,0.644,0.342
DMD,0.0,0.808,0.589,0.0
ELOVL6,0.695,0.0,0.211,0.687
MLF1IP,0.573,0.0,0.0,0.82
RHOBTB1,0.51,0.613,0.604,0.0
DDEF2,0.374,0.0,0.761,0.53
TRIB1,0.0,1.0,0.0,0.0
MYC,0.731,0.0,0.0,0.683
CYTL1,0.876,0.0,0.482,0.0
MAFF,0.0,0.0,1.0,0.0
ISLR,0.69,0.724,0.0,0.0
AMMECR1,0.502,0.0,0.562,0.657
ZNF329,0.0,0.647,0.763,0.0
CHST10,0.706,0.0,0.708,0.0
ERMP1,0.0,0.0,0.819,0.574
DHRS1,0.0,0.585,0.811,0.0
BCAT1,0.781,0.0,0.0,0.624
TAPBPL,0.0,0.805,0.593,0.0
MERTK,0.7,0.0,0.292,0.652
LOC93349,0.0,0.766,0.628,0.139
LIF,0.792,0.61,0.0,0.0
EPYC,0.69,0.723,0.0,0.0
EML4,0.468,0.38,0.469,0.645
FOXF1,0.797,0.604,0.0,0.0
FEZ1,0.725,0.0,0.141,0.674
SPIB,0.0,1.0,0.0,0.0
MEGF9,0.921,0.0,0.39,0.0
GBA3,0.0,0.71,0.0,0.704
C11orf75,1.0,0.0,0.0,0.0
CA8,1.0,0.0,0.0,0.0
IRF8,0.643,0.468,0.0,0.606
APOL6,0.571,0.626,0.0,0.532
PAK7,1.0,0.0,0.0,0.0
BST1,0.758,0.0,0.0,0.652
TDRD7,0.473,0.624,0.0,0.622
NCALD,0.532,0.673,0.0,0.514
IFITM2,0.799,0.601,0.0,0.0
SLC7A8,0.767,0.0,0.641,0.0
BPGM,0.692,0.0,0.722,0.0
FAM30A,0.745,0.34,0.0,0.574
RUNX3,0.536,0.514,0.0,0.67
CPB2,0.19,0.73,0.656,0.0
SGK,0.661,0.0,0.0,0.75
ABCG1,0.557,0.0,0.532,0.638
LBP,0.511,0.0,0.86,0.0
STAT4,0.512,0.581,0.0,0.632
PTGES,0.0,0.0,0.0,0.0
CBX6,0.615,0.0,0.0,0.789
BSPRY,0.0,0.572,0.57,0.59
SCML1,1.0,0.0,0.0,0.0
ART3,0.186,0.531,0.656,0.503
CAV2,0.798,0.0,0.603,0.0
GALE,0.0,0.484,0.695,0.531
DVL3,1.0,0.0,0.0,0.0
MCAM,0.59,0.597,0.544,0.0
PKM2,0.0,0.0,0.0,0.0
ST5,0.432,0.638,0.637,0.0
SMC6,0.63,0.0,0.33,0.703
ALDH2,0.653,0.565,0.0,0.504
NOS3,0.668,0.443,0.0,0.598
RIMBP2,0.623,0.0,0.0,0.782
ZMAT4,0.636,0.0,0.502,0.586
CCNA2,0.611,0.0,0.0,0.791
AP1S2,1.0,0.0,0.0,0.0
UBE2L6,0.0,0.0,0.0,0.0
ERC2,0.743,0.0,0.0,0.669
APOOL,0.707,0.0,0.0,0.707
TST,0.621,0.0,0.784,0.0
TRIM2,0.575,0.0,0.367,0.731
ZNF643,0.443,0.0,0.897,0.0
MAFB,0.816,0.578,0.0,0.0
MARCH3,0.749,0.0,0.0,0.663
KCNE4,0.651,0.62,0.437,0.0
C2,0.71,0.705,0.0,0.0
SEPX1,0.77,0.0,0.0,0.638
FNBP1L,0.0,0.611,0.665,0.43
LOX,0.53,0.578,0.62,0.0
GRHL2,0.0,0.0,0.62,0.784
SPC25,0.646,0.0,0.0,0.763
MPP1,0.675,0.532,0.0,0.511
RNF144A,0.488,0.663,0.568,0.0
RABL4,0.663,0.0,0.321,0.676
SLC31A2,0.566,0.825,0.0,0.0
RCN3,0.581,0.599,0.551,0.0
SPARC,0.676,0.737,0.0,0.0
FZD6,0.477,0.0,0.568,0.671
EIF5A2,0.741,0.0,0.063,0.668
TCF4,1.0,0.0,0.0,0.0
FAIM,0.0,0.625,0.613,0.484
JAG2,0.625,0.0,0.493,0.605
MSN,1.0,0.0,0.0,0.0
ITK,0.57,0.546,0.0,0.614
HMMR,0.611,0.0,0.0,0.792
EN1,0.0,1.0,0.0,0.0
PTPRR,0.0,0.0,0.0,0.0
BHMT2,0.0,1.0,0.0,0.0
PIPOX,0.0,1.0,0.0,0.0
C14orf101,0.657,0.0,0.754,0.0
MACF1,0.525,0.579,0.481,0.397
VNN3,0.0,0.0,0.0,1.0
NR1H3,0.428,0.662,0.0,0.616
COL18A1,0.765,0.0,0.643,0.0
CDCP1,0.713,0.0,0.433,0.551
CTH,0.548,0.0,0.495,0.674
SLC12A8,1.0,0.0,0.0,0.0
BCAR3,0.459,0.484,0.546,0.507
COL4A6,0.0,0.0,1.0,0.0
SPA17,0.0,0.596,0.652,0.468
ZNF573,0.0,0.672,0.74,0.0
TRIP13,0.637,0.0,0.0,0.771
MAGEF1,0.874,0.0,0.486,0.0
IFI30,0.615,0.53,0.0,0.584
ZNF430,0.0,0.614,0.789,0.0
DUSP1,0.732,0.681,0.0,0.0
ZNF302,0.04,0.666,0.587,0.458
HTR2B,0.497,0.592,0.488,0.405
INSIG1,0.658,0.0,0.414,0.629
MXRA8,0.56,0.651,0.512,0.0
EMR2,0.579,0.596,0.0,0.555
FSTL1,0.52,0.646,0.559,0.0
ETHE1,0.0,0.583,0.813,0.0
RPS6KA2,0.448,0.663,0.599,0.0
ETS2,0.0,0.0,1.0,0.0
PMP22,0.832,0.555,0.0,0.0
CEBPG,0.719,0.0,0.0,0.695
CD83,0.535,0.694,0.0,0.482
PRKCSH,0.0,0.0,0.0,0.0
SLC12A6,0.498,0.0,0.741,0.45
DEF8,0.601,0.0,0.521,0.606
DDIT3,0.579,0.0,0.497,0.647
SOD2,0.739,0.0,0.0,0.674
PDK1,0.674,0.0,0.035,0.738
CPD,0.713,0.0,0.34,0.613
PELI1,0.776,0.0,0.152,0.611
FZD3,0.483,0.0,0.876,0.0
HIST1H2BE,0.621,0.0,0.784,0.0
HOXD11,0.0,0.0,0.0,0.0
ZMIZ1,0.0,0.0,0.0,0.0
TINAGL1,0.0,0.0,0.0,0.0
LACTB2,0.549,0.493,0.0,0.675
KIAA0182,0.497,0.624,0.0,0.603
PTPRO,0.722,0.591,0.36,0.0
DIO2,0.786,0.0,0.618,0.0
WFDC1,0.472,0.557,0.683,0.0
MGC14376,0.0,0.648,0.761,0.0
IQCA,0.531,0.0,0.71,0.463
ARHGAP15,0.612,0.547,0.0,0.572
KLHL24,0.805,0.0,0.594,0.0
CTTN,0.0,0.512,0.0,0.859
PABPC4,0.0,0.676,0.737,0.0
SACS,1.0,0.0,0.0,0.0
PGAP1,0.682,0.0,0.044,0.73
GPSM2,0.602,0.0,0.395,0.694
ARHGEF5,0.75,0.0,0.662,0.0
PLCE1,0.0,0.0,0.886,0.463
TRIM22,0.33,0.944,0.0,0.0
COL2A1,0.477,0.59,0.0,0.652
AMOTL2,0.434,0.618,0.656,0.0
IER5,0.0,0.724,0.69,0.0
HLA-DRB1,0.595,0.671,0.0,0.443
MAF,0.769,0.0,0.0,0.64
STAT1,0.0,0.833,0.0,0.553
DCUN1D1,0.768,0.0,0.218,0.602
ACOX2,0.616,0.42,0.404,0.53
LOC63920,0.0,0.0,0.848,0.53
MMD,0.677,0.449,0.0,0.583
MAFG,0.758,0.0,0.0,0.652
RALB,0.879,0.0,0.477,0.0
ATP1B1,0.791,0.0,0.0,0.612
C11orf41,0.748,0.0,0.0,0.663
RGS2,0.929,0.369,0.0,0.0
CELSR2,0.544,0.0,0.839,0.0
FAM13A1,0.0,0.54,0.773,0.334
TNS3,0.0,1.0,0.0,0.0
ANKRD6,0.0,0.609,0.495,0.62
SMARCA2,0.475,0.0,0.399,0.785
LILRB1,0.599,0.589,0.0,0.543
LRRC49,0.0,0.625,0.599,0.501
KIAA1324,0.796,0.0,0.605,0.0
NPR2,1.0,0.0,0.0,0.0
PROSC,0.0,0.0,0.687,0.726
CDC7,0.48,0.517,0.0,0.709
SPRY4,0.479,0.588,0.652,0.0
OIP5,0.635,0.0,0.336,0.695
FECH,0.706,0.0,0.0,0.709
GRAMD3,0.0,0.565,0.486,0.666
DENND1A,0.783,0.0,0.0,0.622
LSG1,0.475,0.627,0.0,0.618
GLRX,0.633,0.531,0.0,0.563
NCKAP1L,0.627,0.458,0.0,0.63
TLE2,0.0,0.0,1.0,0.0
SDS,0.637,0.566,0.0,0.523
ABCA5,0.712,0.0,0.0,0.702
DDC,0.584,0.0,0.546,0.601
WNT2,0.764,0.645,0.0,0.0
MARK1,0.725,0.0,0.0,0.689
METTL7A,0.0,0.0,0.0,0.0
PRR16,0.654,0.56,0.508,0.0
ZMAT3,0.646,0.0,0.764,0.0
TRAPPC6A,0.0,0.0,0.0,1.0
GCHFR,0.608,0.0,0.0,0.794
NR1D2,0.0,0.0,1.0,0.0
RHOD,0.686,0.0,0.728,0.0
IRF7,0.442,0.897,0.0,0.0
ANKRD46,0.455,0.0,0.631,0.628
PAK6,0.59,0.0,0.807,0.0
LOC57228,0.0,0.0,0.0,0.0
IFI35,0.617,0.547,0.0,0.566
TRPC6,0.629,0.0,0.778,0.0
ABHD2,0.796,0.0,0.0,0.605
MID2,0.543,0.0,0.602,0.585
FAH,0.749,0.0,0.0,0.662
AHNAK,0.0,0.0,1.0,0.0
HLTF,0.0,0.741,0.0,0.671
MYH9,0.624,0.0,0.781,0.0
ECEL1,0.541,0.402,0.0,0.738
SLC14A1,0.0,0.0,0.0,0.0
SPAG16,0.0,0.588,0.809,0.0
CD86,0.575,0.621,0.0,0.533
ACAD8,0.0,0.524,0.661,0.537
LIFR,0.0,0.714,0.0,0.701
TACC3,0.569,0.0,0.0,0.822
PLXNA2,0.0,0.562,0.719,0.409
SQLE,0.642,0.0,0.0,0.767
SRD5A2L,0.0,0.0,0.858,0.514
UBE2S,0.588,0.0,0.0,0.809
PTPRM,0.0,0.733,0.68,0.0
ACAT2,0.647,0.0,0.0,0.763
NRXN1,0.0,0.0,0.0,0.0
SMS,1.0,0.0,0.0,0.0
PLEKHC1,0.542,0.556,0.63,0.0
THBS4,0.44,0.616,0.0,0.653
CLDND1,0.713,0.0,0.166,0.681
GALNT3,0.619,0.0,0.786,0.0
PER3,0.0,0.626,0.61,0.486
KIAA0746,0.78,0.0,0.0,0.626
ECT2,0.733,0.0,0.0,0.68
FLJ22167,0.472,0.0,0.654,0.591
CROT,0.0,0.7,0.715,0.0
COL7A1,0.72,0.0,0.694,0.0
ZNF606,0.0,0.65,0.76,0.0
PEX13,0.5,0.0,0.688,0.526
AHR,0.0,0.596,0.803,0.0
MLLT3,0.0,0.0,1.0,0.0
FZD5,0.315,0.547,0.593,0.501
EPS8L2,0.0,0.664,0.747,0.0
RGL1,0.618,0.529,0.0,0.581
PARP8,0.0,1.0,0.0,0.0
PTPLAD1,0.491,0.0,0.629,0.602
PAK1,0.702,0.0,0.281,0.655
PTEN,0.0,0.654,0.572,0.496
IL7,0.0,0.597,0.0,0.802
SLC3A2,0.812,0.0,0.583,0.0
NFIB,0.701,0.0,0.507,0.501
CYB5A,0.524,0.851,0.0,0.0
PTPRD,0.955,0.0,0.298,0.0
P2RY6,0.729,0.0,0.0,0.684
CD27,0.59,0.651,0.0,0.478
DENND2D,0.0,0.0,0.0,0.0
SIDT1,0.0,0.56,0.66,0.5
TPTE,0.246,0.524,0.601,0.551
FZD2,0.58,0.529,0.619,0.0
RLN2,0.0,0.825,0.0,0.565
IRAK3,0.0,0.62,0.0,0.785
C1GALT1,0.784,0.0,0.621,0.0
RND3,0.0,1.0,0.0,0.0
COTL1,0.546,0.468,0.373,0.587
SATB1,0.0,0.639,0.769,0.0
NTF3,0.382,0.402,0.462,0.693
PIGZ,0.0,0.61,0.792,0.0
HLA-DOB,0.832,0.555,0.0,0.0
NAPG,0.637,0.0,0.0,0.771
DBP,0.538,0.0,0.507,0.674
GUCY1B3,0.916,0.0,0.4,0.0
AASS,0.703,0.0,0.0,0.711
ZBTB20,0.43,0.727,0.534,0.0
BMP7,0.628,0.0,0.012,0.778
PFKFB3,1.0,0.0,0.0,0.0
PIGF,0.652,0.0,0.487,0.582
CEP55,0.629,0.0,0.0,0.778
PBX1,0.0,0.519,0.599,0.609
TMEM159,0.0,0.512,0.597,0.618
ENC1,0.544,0.839,0.0,0.0
TMEM2,0.479,0.551,0.683,0.0
MSL2L1,0.202,0.545,0.563,0.587
GOLT1B,0.732,0.0,0.0,0.681
ACSL1,0.581,0.434,0.0,0.688
OXCT1,0.0,0.0,0.59,0.807
CTNNA2,0.0,0.749,0.59,0.301
YAP1,0.531,0.0,0.847,0.0
CD247,0.586,0.406,0.0,0.701
JAKMIP2,1.0,0.0,0.0,0.0
CDCA3,0.488,0.0,0.442,0.753
ZNF271,0.656,0.0,0.755,0.0
DUSP2,0.0,0.76,0.0,0.65
WNT7B,0.0,0.0,0.0,0.0
P2RY13,0.491,0.616,0.0,0.616
CTSO,0.15,0.774,0.615,0.0
FIGF,0.701,0.713,0.0,0.0
PRNP,0.717,0.596,0.36,0.0
TBC1D8B,0.675,0.0,0.738,0.0
UPK3B,0.0,0.0,0.0,0.0
ADRA2A,0.699,0.716,0.0,0.0
P2RY1,0.66,0.0,0.0,0.752
APOA1,0.559,0.0,0.435,0.706
ZNF331,0.272,0.9,0.0,0.34
CHPT1,0.0,0.0,0.0,0.0
ANKRD10,0.7,0.0,0.401,0.591
PRB3,0.0,0.0,0.0,0.0
SLC43A3,0.545,0.649,0.531,0.0
FGF7,0.754,0.657,0.0,0.0
ZMYND8,0.0,0.564,0.753,0.338
ANK3,1.0,0.0,0.0,0.0
CD1C,0.768,0.64,0.0,0.0
TTC28,0.712,0.0,0.703,0.0
HGSNAT,0.0,0.0,1.0,0.0
DDAH2,0.375,0.605,0.509,0.483
TRIM68,0.484,0.0,0.875,0.0
TBC1D2,0.519,0.0,0.855,0.0
NUCB2,0.689,0.0,0.419,0.591
MSX2,0.0,0.61,0.792,0.0
SP110,0.0,1.0,0.0,0.0
LIPA,0.394,0.919,0.0,0.0
BARX2,0.0,0.575,0.726,0.378
IL1RN,0.363,0.563,0.71,0.218
GALNT10,0.512,0.541,0.667,0.0
FARP1,0.658,0.0,0.753,0.0
MGAT4A,0.551,0.547,0.0,0.63
PNOC,0.61,0.63,0.0,0.48
GINS2,0.644,0.0,0.0,0.765
HEG1,0.79,0.613,0.0,0.0
MST1R,0.0,0.0,0.0,0.0
HOXA7,0.486,0.874,0.0,0.0
NNT,0.515,0.0,0.582,0.629
SLC46A3,0.376,0.656,0.655,0.0
NCF4,0.58,0.577,0.0,0.575
NSUN5B,0.0,0.0,0.444,0.896
C9orf46,0.48,0.439,0.0,0.759
ELMO1,0.765,0.644,0.0,0.0
BMP6,0.6,0.546,0.585,0.0
TSPAN4,0.561,0.507,0.427,0.497
LEP,0.401,0.572,0.385,0.604
AHSG,1.0,0.0,0.0,0.0
MMP28,0.0,0.0,0.0,0.0
GABRA3,0.703,0.0,0.711,0.0
KIAA1822L,0.532,0.0,0.582,0.615
CTSL1,0.598,0.64,0.0,0.482
MYBL1,0.0,0.538,0.473,0.698
FLJ14213,0.778,0.0,0.247,0.578
THEM2,0.686,0.0,0.424,0.591
TMEM140,0.494,0.78,0.0,0.385
EMP2,0.0,0.0,0.0,1.0
ACYP2,0.0,0.572,0.82,0.0
TGFB1I1,0.524,0.569,0.634,0.0
ACTN1,0.749,0.0,0.662,0.0
TFDP2,0.42,0.614,0.0,0.668
DOK5,0.646,0.763,0.0,0.0
ZSCAN16,0.0,0.578,0.592,0.562
HIVEP1,0.0,0.704,0.0,0.71
FLJ20273,0.0,0.573,0.0,0.819
C1RL,0.476,0.532,0.582,0.389
ARL4A,1.0,0.0,0.0,0.0
ISYNA1,0.0,0.0,0.0,0.0
WDR5B,0.0,0.636,0.657,0.405
C1orf54,0.795,0.606,0.0,0.0
PLEKHA5,0.591,0.0,0.807,0.0
ANKRD5,0.588,0.404,0.0,0.701
C19orf54,0.0,0.0,0.0,0.0
RNF38,0.454,0.562,0.691,0.0
SLCO4A1,0.0,0.475,0.7,0.534
PIP3-E,0.0,0.9,0.0,0.436
AMPH,0.0,0.51,0.587,0.629
ACN9,0.522,0.0,0.373,0.767
CENTG2,0.0,0.441,0.597,0.67
CEP135,0.0,0.637,0.0,0.771
ZNF532,0.818,0.0,0.575,0.0
C3orf52,0.287,0.598,0.748,0.0
ANXA6,0.623,0.56,0.0,0.546
RRAD,0.697,0.717,0.0,0.0
NCAPG2,0.653,0.0,0.0,0.757
FOXA2,0.93,0.0,0.369,0.0
DLK2,0.607,0.0,0.587,0.536
CDC6,0.641,0.0,0.42,0.643
C9orf9,0.656,0.0,0.526,0.541
CKLF,0.381,0.429,0.631,0.522
PLA2G10,0.0,0.0,0.0,0.0
IL15RA,0.577,0.604,0.0,0.55
TTLL12,0.0,0.0,0.0,0.0
MYO1B,0.707,0.707,0.0,0.0
RHOBTB2,0.0,0.672,0.74,0.0
PRC1,0.698,0.0,0.0,0.716
SCD,0.704,0.0,0.0,0.71
RRAS2,0.585,0.0,0.48,0.654
CALD1,0.656,0.562,0.503,0.0
GALNT11,0.0,0.0,0.659,0.752
MCTP2,0.547,0.0,0.575,0.609
AP2M1,0.0,0.0,0.0,0.0
DMRT1,0.419,0.0,0.567,0.71
CDC37L1,0.456,0.458,0.479,0.594
MSH2,0.584,0.0,0.417,0.696
SOHLH2,0.249,0.551,0.797,0.0
STEAP3,0.0,0.657,0.754,0.0
TMEM51,0.0,0.735,0.679,0.0
BCAS4,0.577,0.0,0.58,0.575
POU2F3,0.0,0.0,0.0,0.0
P15RS,0.627,0.0,0.0,0.779
PPAP2A,0.0,0.795,0.0,0.607
C2orf43,0.509,0.0,0.563,0.651
TP53AP1,0.0,0.0,0.0,0.0
CDC25B,0.771,0.0,0.0,0.637
TALDO1,1.0,0.0,0.0,0.0
TLR3,0.0,0.764,0.0,0.646
THBS1,0.663,0.573,0.482,0.0
FAM46C,0.632,0.59,0.0,0.503
PLD3,0.57,0.822,0.0,0.0
LIAS,0.0,0.0,0.513,0.859
MCF2L,0.516,0.0,0.697,0.498
PLOD1,1.0,0.0,0.0,0.0
FOXJ1,0.0,0.631,0.667,0.395
DDX43,0.0,0.0,1.0,0.0
UST,0.684,0.0,0.312,0.659
SAMHD1,0.526,0.553,0.0,0.646
BTG3,0.0,0.731,0.0,0.683
ZNF177,0.0,0.612,0.791,0.0
NDC80,0.694,0.0,0.0,0.72
SENP2,0.733,0.0,0.335,0.592
TFRC,0.714,0.0,0.0,0.7
ARID5B,0.0,1.0,0.0,0.0
EGFR,0.708,0.0,0.707,0.0
DIAPH2,0.762,0.0,0.0,0.647
RGS4,0.718,0.696,0.0,0.0
EFHC1,0.596,0.0,0.803,0.0
RWDD2A,0.0,0.573,0.73,0.373
PLA2G3,0.463,0.699,0.0,0.545
LILRB2,0.614,0.556,0.0,0.56
C10orf56,0.553,0.641,0.533,0.0
ADAM10,0.0,0.516,0.753,0.408
RGS5,0.632,0.562,0.0,0.534
MCM10,0.562,0.0,0.0,0.827
BNC2,0.685,0.729,0.0,0.0
KIF23,0.604,0.0,0.0,0.797
AGBL5,0.0,0.0,0.825,0.566
ITGA5,0.509,0.637,0.579,0.0
KDELC1,0.765,0.0,0.644,0.0
TMEM97,0.0,0.0,0.0,0.0
VIM,0.688,0.725,0.0,0.0
RAB3B,0.956,0.0,0.293,0.0
PEPD,0.731,0.0,0.682,0.0
KIAA0895,0.739,0.0,0.674,0.0
CENTD3,0.0,0.709,0.705,0.0
FKBP1B,0.495,0.0,0.869,0.0
ZNF266,0.0,0.631,0.662,0.404
SYK,0.485,0.577,0.0,0.657
DBNDD2,0.0,0.668,0.744,0.0
KMO,0.638,0.556,0.0,0.533
HRSP12,0.622,0.0,0.417,0.662
KLF6,0.266,0.743,0.615,0.0
TLR1,0.639,0.0,0.0,0.77
IQCB1,0.0,0.67,0.0,0.742
LSM1,0.664,0.0,0.0,0.748
AP1M2,0.0,0.686,0.728,0.0
ARG1,0.7,0.714,0.0,0.0
APOE,0.564,0.622,0.0,0.543
FANCI,0.689,0.0,0.0,0.725
TMEFF1,0.696,0.0,0.718,0.0
CD93,0.67,0.581,0.462,0.0
DNMT3B,0.0,0.666,0.0,0.746
SQRDL,1.0,0.0,0.0,0.0
OPA1,0.386,0.521,0.584,0.488
HMGB3,0.819,0.0,0.574,0.0
FMOD,0.7,0.714,0.0,0.0
ATRN,0.624,0.0,0.579,0.525
MTMR11,0.0,0.0,1.0,0.0
FAM38B,0.599,0.801,0.0,0.0
ZSCAN18,0.0,0.631,0.776,0.0
CCDC109B,0.702,0.181,0.0,0.689
SST,0.0,0.0,1.0,0.0
MMACHC,0.0,0.529,0.626,0.573
ESF1,0.615,0.0,0.539,0.575
HRH1,0.403,0.555,0.728,0.0
C18orf24,0.618,0.0,0.0,0.786
EFEMP2,0.506,0.607,0.613,0.0
CRYL1,0.489,0.0,0.654,0.578
KPNA4,1.0,0.0,0.0,0.0
ZNF586,0.553,0.0,0.833,0.0
GOLIM4,0.687,0.0,0.358,0.632
DHCR7,0.652,0.0,0.0,0.759
TM7SF2,0.0,0.0,0.0,0.0
ASH2L,0.0,0.0,0.0,0.0
PSG4,0.0,0.0,0.0,1.0
PDGFRA,0.715,0.699,0.0,0.0
ARHGEF6,0.0,1.0,0.0,0.0
CPEB1,0.0,0.608,0.0,0.794
PRKCQ,0.0,1.0,0.0,0.0
FYN,0.663,0.749,0.0,0.0
COL4A2,0.688,0.0,0.725,0.0
RP6-213H19.1,0.788,0.0,0.616,0.0
LMNB2,0.0,0.0,0.493,0.87
LTBP2,0.498,0.685,0.532,0.0
PSIP1,0.451,0.469,0.446,0.614
SLC5A1,0.523,0.593,0.612,0.0
ITPR1,0.729,0.0,0.0,0.685
C8orf70,0.0,0.0,0.0,1.0
PCDH17,0.855,0.0,0.519,0.0
LCK,0.459,0.58,0.0,0.673
NDP,0.77,0.0,0.638,0.0
PPP1R3D,0.0,0.0,0.993,0.115
HSPA12A,0.758,0.652,0.0,0.0
EVPL,0.0,0.0,0.0,0.0
BANK1,0.343,0.893,0.0,0.293
AIF1,0.67,0.492,0.0,0.556
DHCR24,0.993,0.0,0.121,0.0
SLC20A2,0.68,0.0,0.515,0.522
CD320,0.603,0.0,0.0,0.798
SMAD1,0.64,0.0,0.0,0.768
GPI,0.0,0.0,0.0,0.0
PDE9A,0.0,0.606,0.0,0.796
DMXL2,0.43,0.632,0.0,0.645
BTN3A2,0.328,0.597,0.471,0.561
ZEB2,0.68,0.609,0.409,0.0
EMX2,0.0,0.615,0.788,0.0
FLJ13611,0.0,0.525,0.708,0.472
GSTZ1,0.469,0.0,0.714,0.52
NCAPD2,0.563,0.0,0.0,0.826
LRRC1,0.526,0.0,0.506,0.684
ACP6,0.0,0.0,0.924,0.383
SMARCA4,0.0,0.619,0.534,0.576
RIBC2,0.0,0.561,0.0,0.828
KRT34,0.509,0.666,0.546,0.0
WARS,0.616,0.526,0.0,0.586
FGD6,0.654,0.0,0.0,0.757
FZD1,0.576,0.525,0.627,0.0
EPHX2,0.0,0.0,0.0,1.0
NAT1,0.409,0.596,0.557,0.41
FANCG,0.476,0.0,0.623,0.621
CTPS2,0.549,0.0,0.627,0.553
TIMP2,0.684,0.729,0.0,0.0
FLJ21963,0.0,1.0,0.0,0.0
NP,0.49,0.646,0.586,0.0
SNX7,0.0,0.605,0.796,0.0
UCK2,0.685,0.0,0.0,0.728
SLC26A2,0.783,0.0,0.622,0.0
ZNF43,0.0,0.689,0.725,0.0
PFKM,0.0,0.712,0.0,0.703
RBM35A,0.0,0.0,0.659,0.752
ANG,0.0,0.662,0.749,0.0
CASP1,0.0,1.0,0.0,0.0
TRAM2,0.837,0.0,0.548,0.0
SYNPO,0.639,0.769,0.0,0.0
RAB27A,0.742,0.0,0.0,0.67
PSTPIP1,0.773,0.0,0.0,0.634
CDC20,0.608,0.0,0.0,0.794
CMAS,0.466,0.0,0.648,0.603
FKBP14,0.661,0.0,0.75,0.0
LAMA5,0.0,0.0,1.0,0.0
LIMA1,0.623,0.0,0.782,0.0
CLEC10A,0.641,0.409,0.0,0.65
GPHN,0.356,0.0,0.667,0.654
BLM,0.659,0.0,0.0,0.752
PFKP,0.0,0.0,0.0,0.0
GLA,0.755,0.0,0.0,0.656
PIAS3,0.544,0.0,0.608,0.579
DDB2,0.0,0.486,0.568,0.665
LOH11CR2A,0.0,0.593,0.805,0.0
PLAA,0.687,0.0,0.726,0.0
SH3BP5,0.534,0.645,0.547,0.0
CAPRIN2,0.0,0.719,0.695,0.0
JUNB,0.0,0.731,0.683,0.0
RYR1,0.721,0.693,0.0,0.0
C14orf139,0.587,0.81,0.0,0.0
FAM110B,1.0,0.0,0.0,0.0
IFI16,1.0,0.0,0.0,0.0
STK32B,1.0,0.0,0.0,0.0
BGN,0.663,0.749,0.0,0.0
NCK1,0.577,0.499,0.0,0.646
PTPRCAP,0.54,0.525,0.0,0.657
ICK,0.633,0.0,0.417,0.653
NET1,0.381,0.0,0.687,0.619
NAV3,0.665,0.747,0.0,0.0
DLG7,0.647,0.0,0.342,0.681
ETNK1,0.632,0.0,0.0,0.775
LILRB4,0.603,0.618,0.0,0.504
ACSM3,0.398,0.616,0.548,0.402
DENND4A,0.644,0.0,0.329,0.691
LASS4,0.682,0.0,0.0,0.731
HTR2C,0.0,1.0,0.0,0.0
KIAA0020,0.327,0.505,0.512,0.614
RBM19,0.0,0.0,0.0,0.0
RPS6KA5,0.518,0.0,0.566,0.642
OLFML1,0.609,0.62,0.494,0.0
NLGN4Y,0.0,0.0,0.0,0.0
MGC4172,0.0,0.0,0.0,0.0
UBE2H,0.896,0.0,0.443,0.0
MYLIP,0.0,0.0,0.846,0.533
SS18L1,0.169,0.549,0.691,0.438
CITED2,0.0,0.0,0.0,0.0
ACSL4,0.714,0.0,0.395,0.578
C21orf25,0.0,0.745,0.0,0.667
UGT2A3,0.0,0.0,0.0,1.0
RAP1GAP,0.0,0.0,0.0,0.0
MTHFD2L,0.703,0.0,0.44,0.559
APOB,0.0,0.0,1.0,0.0
ZNF140,0.0,0.616,0.787,0.0
ALPL,0.626,0.78,0.0,0.0
MCM3APAS,0.292,0.533,0.794,0.0
MAN1A1,0.068,0.735,0.675,0.0
HSPB1,0.0,0.0,0.0,0.0
OVOL2,0.0,0.0,0.772,0.636
TNFAIP2,0.0,0.0,0.0,0.0
PIK3R1,0.567,0.538,0.624,0.0
PTDSS1,0.0,0.0,0.0,0.0
OR7A5,0.803,0.0,0.596,0.0
TTK,0.583,0.471,0.0,0.662
UBAP2,0.0,0.0,1.0,0.0
TPPP3,0.78,0.0,0.625,0.0
GFOD1,0.784,0.0,0.62,0.0
TTLL7,0.727,0.0,0.278,0.628
P4HA2,0.667,0.745,0.0,0.0
SKIL,0.434,0.556,0.497,0.505
RNASEH2A,0.573,0.0,0.0,0.819
ALG3,0.0,0.0,0.0,0.0
KLK5,0.427,0.631,0.648,0.0
NOD2,0.724,0.564,0.397,0.0
BCL6,0.44,0.0,0.713,0.547
IRF9,0.0,0.727,0.687,0.0
FNDC3B,0.707,0.707,0.0,0.0
SIAH2,1.0,0.0,0.0,0.0
BDKRB2,0.548,0.554,0.627,0.0
SMAD4,0.559,0.0,0.563,0.609
GAS6,0.644,0.634,0.428,0.0
RBBP8,0.688,0.0,0.468,0.554
SPINT1,0.0,0.605,0.796,0.0
SOAT1,0.752,0.659,0.0,0.0
RFC4,0.745,0.0,0.0,0.668
CAMTA1,0.0,0.7,0.0,0.715
FLJ21511,0.394,0.919,0.0,0.0
CDKN2C,0.521,0.478,0.0,0.707
NOTCH1,0.0,1.0,0.0,0.0
CCR7,0.651,0.759,0.0,0.0
AGPAT7,0.0,0.0,0.0,0.0
ZNF423,0.0,0.715,0.699,0.0
PRRG1,0.343,0.68,0.647,0.0
EGLN1,0.726,0.0,0.32,0.609
ARHGAP5,0.57,0.0,0.692,0.443
C17orf75,0.699,0.0,0.0,0.715
OBFC1,0.0,0.0,0.0,0.0
IL8RB,0.0,0.62,0.623,0.476
ZNF274,0.0,0.659,0.752,0.0
CHFR,0.0,0.735,0.679,0.0
OGFRL1,0.597,0.574,0.0,0.56
EMILIN1,0.706,0.557,0.437,0.0
ECHDC2,0.0,0.0,0.0,0.0
TJP2,0.0,0.678,0.68,0.278
C14orf162,1.0,0.0,0.0,0.0
ABHD3,1.0,0.0,0.0,0.0
PCCA,0.0,0.566,0.825,0.0
PLEKHG6,0.479,0.0,0.457,0.749
POLE2,0.52,0.0,0.438,0.733
NPC1,1.0,0.0,0.0,0.0
MAST4,0.0,0.667,0.745,0.0
GIPC2,0.0,0.668,0.744,0.0
WIPF1,0.61,0.634,0.0,0.475
E2F8,0.0,0.538,0.758,0.369
TIPIN,0.576,0.0,0.414,0.704
KRT18,0.0,0.0,0.0,0.0
ZNF395,0.474,0.0,0.733,0.488
PTPRT,0.6,0.0,0.0,0.8
SLC2A6,0.0,0.67,0.0,0.742
CLSTN1,0.0,0.642,0.767,0.0
ANGPT2,0.0,0.609,0.793,0.0
BHLHB2,0.0,0.704,0.71,0.0
TBL1X,0.71,0.0,0.0,0.704
ACO1,0.0,0.639,0.769,0.0
INPP5F,0.0,0.742,0.0,0.671
FLNA,0.634,0.604,0.482,0.0
IQGAP2,0.622,0.592,0.0,0.513
PAX9,0.615,0.0,0.0,0.789
HDGFRP3,0.712,0.0,0.702,0.0
CPZ,0.419,0.672,0.61,0.0
PSMB10,0.0,0.745,0.0,0.667
RAB32,0.886,0.465,0.0,0.0
PECI,0.54,0.0,0.47,0.698
FGF12,0.763,0.446,0.469,0.0
NLK,0.526,0.0,0.472,0.708
PRSS16,0.0,0.0,0.835,0.55
CDC45L,0.663,0.0,0.0,0.749
CST4,0.579,0.0,0.815,0.0
RNASE2,0.801,0.0,0.0,0.599
PLA2G1B,0.399,0.719,0.569,0.0
RLF,0.527,0.0,0.664,0.531
SPATA20,0.0,0.0,0.0,0.0
PADI2,0.0,0.736,0.0,0.677
CENPN,0.735,0.0,0.0,0.678
KLF13,0.429,0.648,0.63,0.0
TRIM9,0.55,0.671,0.497,0.0
FGF20,0.756,0.0,0.0,0.654
SATB2,0.665,0.0,0.57,0.483
SLC38A6,0.756,0.0,0.315,0.574
TWSG1,0.645,0.0,0.412,0.644
PYGB,0.728,0.0,0.685,0.0
CCR5,0.468,0.734,0.0,0.492
LUM,0.714,0.7,0.0,0.0
ACOT7,0.642,0.278,0.0,0.715
ZBTB38,0.826,0.0,0.563,0.0
ZHX2,0.0,0.0,0.0,1.0
NCAPG,0.56,0.0,0.223,0.798
STK39,0.0,0.0,0.0,0.0
CDH12,0.363,0.0,0.932,0.0
PARP12,0.0,0.844,0.0,0.536
HDAC4,0.644,0.0,0.384,0.662
D15Wsu75e,0.765,0.0,0.182,0.617
SERTAD2,0.0,0.666,0.0,0.746
ATP9A,0.0,0.597,0.802,0.0
GCA,0.344,0.558,0.478,0.584
APOLD1,0.548,0.665,0.508,0.0
IFNG,0.0,0.0,0.0,0.0
ARHGDIB,0.0,1.0,0.0,0.0
BCR,0.403,0.462,0.545,0.572
MAGI2,0.555,0.706,0.0,0.44
CRTAM,0.506,0.53,0.0,0.681
SMAD5OS,0.619,0.0,0.4,0.676
GPR64,0.578,0.617,0.534,0.0
TCEA2,0.0,0.601,0.799,0.0
KCNJ8,0.772,0.635,0.0,0.0
SORD,0.0,0.0,0.684,0.729
PHLPP,0.0,0.0,0.0,0.0
JAK2,0.0,0.677,0.0,0.736
PCYOX1,0.56,0.0,0.829,0.0
PDE1A,0.749,0.663,0.0,0.0
MLF1,0.608,0.0,0.458,0.649
RCOR1,0.483,0.0,0.752,0.448
GAST,0.805,0.0,0.594,0.0
CYP11A1,0.479,0.0,0.392,0.786
ZC3H12A,0.574,0.819,0.0,0.0
CASD1,0.374,0.487,0.638,0.465
PPP2R3A,0.556,0.509,0.657,0.0
CHEK2,0.541,0.0,0.458,0.705
OCLN,0.0,0.411,0.642,0.647
ZNF93,0.0,0.677,0.736,0.0
CDH19,0.623,0.0,0.782,0.0
MPDZ,0.489,0.571,0.659,0.0
SYNE2,0.842,0.0,0.539,0.0
RAB25,0.0,0.0,0.0,0.0
COBLL1,0.598,0.0,0.0,0.801
WHSC1L1,0.0,0.0,0.459,0.889
DIRAS3,1.0,0.0,0.0,0.0
SERPINH1,0.753,0.0,0.659,0.0
SC65,1.0,0.0,0.0,0.0
CD72,0.553,0.519,0.0,0.652
PTGS1,0.644,0.765,0.0,0.0
LMNB1,0.584,0.0,0.0,0.812
CHST4,0.0,0.614,0.0,0.789
MAGEB1,0.0,0.0,0.879,0.476
CROCCL1,0.0,0.636,0.632,0.443
SNFT,0.715,0.352,0.0,0.604
DLL3,0.0,0.0,0.0,0.0
CD97,0.532,0.668,0.0,0.52
DKFZP564J102,0.0,0.0,0.0,0.0
TRAT1,0.534,0.461,0.0,0.708
LANCL2,0.546,0.0,0.688,0.477
SAGE1,0.0,0.0,0.0,0.0
MSC,0.0,0.0,0.0,0.0
CCNG2,0.0,0.653,0.758,0.0
NQO2,0.681,0.0,0.0,0.732
ASTE1,0.16,0.525,0.66,0.513
SPG20,0.788,0.0,0.615,0.0
TAF12,0.0,0.0,0.536,0.844
NPDC1,0.554,0.522,0.648,0.0
SH3BP4,0.926,0.0,0.377,0.0
WDR91,0.483,0.659,0.0,0.577
KIAA0317,0.175,0.522,0.681,0.483
EN2,0.578,0.0,0.464,0.671
BAT1,0.0,0.0,0.0,0.0
ZDHHC3,0.589,0.0,0.808,0.0
TNNC1,0.0,0.668,0.744,0.0
CD207,0.585,0.0,0.811,0.0
ADAM9,0.783,0.0,0.622,0.0
SLC38A1,0.0,0.633,0.683,0.365
PIK3R3,0.322,0.5,0.49,0.637
PAQR3,0.766,0.0,0.204,0.609
ZNF228,0.0,0.0,0.0,0.0
TNFSF4,0.687,0.727,0.0,0.0
CYP51A1,0.675,0.0,0.471,0.568
FUCA1,0.0,0.656,0.0,0.755
HECA,0.0,0.793,0.609,0.0
AQP4,0.666,0.746,0.0,0.0
SCRIB,0.0,0.0,0.667,0.745
FANCF,0.0,0.679,0.734,0.0
C1orf9,0.539,0.0,0.57,0.62
CHCHD7,0.0,0.441,0.682,0.583
DNMT3A,0.398,0.449,0.393,0.697
ProSAPiP1,0.72,0.412,0.0,0.559
TMPRSS2,0.0,0.0,0.657,0.754
FAM117A,0.0,0.0,0.0,0.0
PHYH,0.0,0.0,0.879,0.476
CYP27A1,0.573,0.633,0.0,0.521
DNALI1,0.392,0.52,0.402,0.643
SLC39A2,0.0,0.661,0.751,0.0
CGREF1,0.694,0.0,0.0,0.72
RYK,0.399,0.37,0.612,0.574
S100A13,0.702,0.0,0.0,0.712
KIF11,0.494,0.357,0.446,0.656
WWC3,0.651,0.0,0.512,0.56
TRIP6,0.0,0.0,0.865,0.502
EIF4G1,0.98,0.0,0.198,0.0
MTUS1,0.0,0.596,0.803,0.0
CCDC102B,0.694,0.575,0.433,0.0
PON2,0.0,1.0,0.0,0.0
BIN1,0.579,0.414,0.0,0.702
PANX1,0.543,0.537,0.645,0.0
BIN2,0.568,0.593,0.0,0.57
IFRD1,0.674,0.0,0.166,0.72
DLG5,0.0,1.0,0.0,0.0
SLC16A6,0.547,0.483,0.0,0.683
PRRX2,0.379,0.495,0.782,0.0
PCK2,0.563,0.0,0.563,0.606
PI4KA,0.47,0.0,0.687,0.555
MARCH2,0.324,0.555,0.581,0.499
CAPG,0.0,0.835,0.0,0.55
ERC1,0.434,0.599,0.546,0.393
ASPM,0.697,0.0,0.0,0.717
HSD17B11,0.307,0.554,0.469,0.616
TP53,0.0,0.0,0.0,0.0
EHD2,0.492,0.585,0.645,0.0
MAP4K1,0.0,0.0,0.0,0.0
GPR18,0.546,0.483,0.0,0.684
TM7SF3,0.52,0.0,0.725,0.452
TCEAL1,0.0,0.0,1.0,0.0
KEAP1,0.676,0.0,0.0,0.737
ITGB5,0.562,0.494,0.663,0.0
PFDN6,0.544,0.0,0.508,0.669
FGFR2,0.711,0.0,0.411,0.57
YPEL1,0.0,0.573,0.513,0.639
ANKRD11,0.0,0.0,0.779,0.627
C19orf2,0.526,0.553,0.0,0.646
FCN1,0.565,0.639,0.0,0.522
SLC12A7,0.0,0.0,0.0,0.0
IL2RG,0.0,1.0,0.0,0.0
MINPP1,0.0,0.742,0.0,0.671
C5AR1,0.694,0.72,0.0,0.0
KIF1B,0.0,0.64,0.571,0.514
VPS37B,0.0,0.607,0.794,0.0
FDXR,0.0,0.0,0.0,1.0
JUN,0.368,0.734,0.571,0.0
NBL1,0.0,0.724,0.69,0.0
MNX1,0.0,0.603,0.798,0.0
PRKAA1,0.0,0.0,0.643,0.766
C22orf9,0.814,0.0,0.581,0.0
PCCB,0.0,0.0,0.0,1.0
RAD51AP1,0.646,0.0,0.0,0.764
MDFIC,0.506,0.513,0.511,0.469
RRM2,0.618,0.0,0.0,0.786
KRCC1,0.574,0.0,0.609,0.547
GINS3,0.597,0.0,0.421,0.683
OPLAH,0.497,0.0,0.658,0.566
HMG4L,0.665,0.0,0.477,0.575
NMNAT2,0.0,0.573,0.627,0.527
RAC3,0.565,0.0,0.551,0.614
ZDHHC13,0.0,0.0,1.0,0.0
CD248,0.546,0.634,0.548,0.0
SEPW1,0.0,0.644,0.765,0.0
ROBO3,0.0,1.0,0.0,0.0
SGMS1,0.619,0.0,0.533,0.577
DONSON,0.524,0.489,0.0,0.698
FFAR2,0.0,0.0,0.0,1.0
TFAP2C,0.457,0.0,0.89,0.0
IL20RA,0.0,1.0,0.0,0.0
BRAF,0.609,0.0,0.281,0.742
DTX4,0.0,0.627,0.779,0.0
NAP1L3,0.343,0.668,0.661,0.0
PSRC1,0.0,0.0,0.625,0.781
FLJ11286,0.0,0.752,0.659,0.0
GUF1,0.425,0.0,0.551,0.718
CES2,0.0,0.0,1.0,0.0
TMEM40,0.396,0.0,0.729,0.559
STYK1,0.0,0.0,0.513,0.859
RPH3AL,0.0,0.55,0.649,0.525
SCPEP1,0.723,0.0,0.0,0.691
MACROD1,0.0,0.0,1.0,0.0
SLC15A3,0.511,0.692,0.0,0.509
DGKG,1.0,0.0,0.0,0.0
YEATS4,0.458,0.0,0.531,0.712
MAN2B2,0.0,0.592,0.806,0.0
POLI,0.533,0.0,0.691,0.488
CLDN5,1.0,0.0,0.0,0.0
DUSP22,0.0,1.0,0.0,0.0
ADAMTS5,1.0,0.0,0.0,0.0
STYXL1,0.0,0.0,0.768,0.64
PTP4A3,0.489,0.521,0.527,0.459
FLJ10357,0.0,0.733,0.68,0.0
TRIM6-TRIM34,0.0,0.712,0.702,0.0
OPTN,0.344,0.652,0.465,0.49
ZNF557,0.0,0.0,1.0,0.0
ZFHX4,0.0,0.642,0.767,0.0
RSRC1,0.689,0.0,0.0,0.725
WHSC1,0.0,0.377,0.0,0.926
NPTX1,0.435,0.686,0.583,0.0
EHBP1,0.781,0.0,0.625,0.0
SLC39A14,1.0,0.0,0.0,0.0
PECR,0.625,0.0,0.402,0.67
C8orf55,0.0,0.0,0.0,0.0
CORO1C,1.0,0.0,0.0,0.0
NEDD4,0.459,0.0,0.889,0.0
C20orf39,0.963,0.0,0.269,0.0
TSPYL4,0.0,0.749,0.662,0.0
GAB2,0.428,0.904,0.0,0.0
CD79A,0.647,0.763,0.0,0.0
CREB3,0.0,0.0,1.0,0.0
TPX2,0.51,0.456,0.0,0.729
PODXL,0.391,0.714,0.581,0.0
EFCAB2,0.554,0.212,0.455,0.665
BHLHB9,0.0,0.0,0.838,0.545
ITM2C,0.0,0.645,0.65,0.402
CCDC69,0.534,0.781,0.0,0.324
CCRL1,0.35,0.658,0.667,0.0
SLC19A2,0.639,0.0,0.523,0.564
CPNE1,0.0,0.613,0.645,0.456
ZNF124,0.636,0.0,0.772,0.0
ADCY7,0.602,0.622,0.501,0.0
TAF15,0.639,0.0,0.0,0.769
TGIF2,0.0,0.406,0.482,0.777
MBIP,0.576,0.0,0.667,0.472
CGRRF1,0.563,0.0,0.826,0.0
CBR4,0.0,0.584,0.495,0.643
SEMA4D,0.568,0.582,0.0,0.582
ZNF654,0.486,0.515,0.555,0.436
ZFP30,0.0,0.474,0.628,0.617
AGPAT5,0.754,0.0,0.0,0.657
TRAPPC2,0.591,0.0,0.664,0.459
XPA,0.633,0.0,0.671,0.386
GBP2,0.0,0.697,0.0,0.717
KLF10,0.531,0.613,0.585,0.0
ALDH6A1,0.0,0.0,0.0,0.0
BATF,0.0,0.793,0.0,0.609
STAC,0.0,0.0,0.0,0.0
KTELC1,0.0,0.687,0.0,0.726
TSPAN15,0.0,0.0,0.624,0.781
RELB,0.0,0.661,0.0,0.751
SNAP25,0.0,0.797,0.0,0.603
TGM2,0.696,0.718,0.0,0.0
VWF,0.61,0.599,0.519,0.0
LDB2,0.627,0.61,0.484,0.0
TGDS,0.719,0.0,0.695,0.0
SMARCA1,0.51,0.0,0.86,0.0
CREG1,1.0,0.0,0.0,0.0
PCYT1A,0.793,0.0,0.0,0.609
NADSYN1,0.0,0.0,0.64,0.768
SGK3,0.638,0.0,0.293,0.712
PPAP2B,0.543,0.615,0.0,0.572
THSD1,0.591,0.0,0.807,0.0
TIMP1,0.561,0.828,0.0,0.0
EPHB1,0.0,1.0,0.0,0.0
F2R,0.516,0.583,0.628,0.0
ITCH,0.425,0.0,0.528,0.735
POU3F2,0.633,0.0,0.407,0.659
GLRB,0.642,0.0,0.767,0.0
SSR3,0.665,0.0,0.747,0.0
C2orf49,0.616,0.0,0.492,0.615
FEM1B,0.62,0.0,0.785,0.0
TOPORS,0.406,0.0,0.715,0.569
SLC5A7,0.0,0.0,0.0,0.0
DEFA6,0.0,0.0,0.0,0.0
H1F0,0.742,0.0,0.67,0.0
LDLRAP1,0.0,0.607,0.509,0.611
POU4F1,0.0,0.539,0.563,0.626
TULP4,0.0,0.656,0.655,0.376
MYO6,0.0,0.66,0.503,0.557
PAAF1,0.0,0.0,0.0,0.0
MARCKSL1,0.0,0.708,0.707,0.0
IMPACT,0.749,0.0,0.663,0.0
KLF11,0.436,0.511,0.439,0.597
GPR19,0.0,0.0,0.0,1.0
BTBD3,0.474,0.444,0.553,0.522
HBE1,0.481,0.508,0.714,0.0
WDR41,0.0,0.744,0.668,0.0
A2M,0.686,0.728,0.0,0.0
PTPRF,0.0,0.598,0.625,0.501
GINS4,0.0,0.0,0.0,0.0
CYP2B7P1,0.573,0.533,0.622,0.0
ZNF211,0.0,0.67,0.742,0.0
ATF5,0.65,0.0,0.236,0.722
DCK,0.698,0.0,0.0,0.716
MICALL2,0.0,1.0,0.0,0.0
ROGDI,0.549,0.0,0.626,0.554
DTL,0.699,0.0,0.0,0.715
MED28,0.0,0.0,0.552,0.834
PHKA2,0.0,0.537,0.7,0.471
FDFT1,0.0,0.0,0.0,0.0
MICAL3,0.606,0.0,0.796,0.0
CHKA,0.36,0.471,0.518,0.617
RRM1,0.774,0.0,0.0,0.633
C1orf115,0.665,0.318,0.0,0.675
RAB20,0.661,0.507,0.0,0.554
SEMA4A,0.0,0.0,1.0,0.0
FAM64A,0.608,0.0,0.448,0.656
JARID2,0.713,0.0,0.701,0.0
PIGN,0.0,0.0,0.87,0.493
CSAD,0.0,0.655,0.505,0.562
ASTN2,0.0,0.0,0.509,0.861
SPSB1,0.862,0.0,0.507,0.0
KCTD12,0.744,0.668,0.0,0.0
ZNF22,0.0,0.696,0.493,0.523
NRTN,0.648,0.0,0.0,0.761
OAZ3,0.582,0.205,0.483,0.621
SOX4,0.0,0.0,1.0,0.0
LHX6,0.0,0.65,0.591,0.477
SLC22A18,0.678,0.0,0.735,0.0
MAP3K6,0.0,0.664,0.573,0.48
ZXDC,0.0,0.579,0.624,0.524
PLA1A,0.527,0.66,0.535,0.0
ELMO3,0.0,0.0,0.0,0.0
SETMAR,0.0,0.0,0.855,0.519
RHBDF1,0.0,0.638,0.77,0.0
C6orf211,0.459,0.5,0.524,0.514
CP110,0.464,0.554,0.474,0.503
PLEKHO1,0.726,0.0,0.0,0.687
ARHGAP19,0.446,0.0,0.539,0.715
SIX1,0.538,0.0,0.529,0.656
MYNN,0.634,0.0,0.34,0.695
LOC23117,0.0,0.639,0.438,0.632
MNS1,0.0,0.652,0.0,0.759
C9orf61,0.0,0.617,0.545,0.568
LTB4R,1.0,0.0,0.0,0.0
SPAG5,0.0,0.0,0.0,1.0
REPIN1,0.0,0.0,0.0,1.0
HPN,0.675,0.737,0.0,0.0
LHFPL2,0.544,0.839,0.0,0.0
RNF141,0.727,0.0,0.31,0.613
GAS1,0.734,0.679,0.0,0.0
ANGPTL2,0.636,0.653,0.412,0.0
RAB15,0.0,0.0,1.0,0.0
PRODH,0.787,0.0,0.0,0.617
ARL4C,0.72,0.0,0.0,0.694
CYFIP2,0.0,0.821,0.0,0.571
SLC25A20,0.533,0.0,0.454,0.714
ACVR2A,0.0,0.592,0.806,0.0
FOXO1,0.591,0.0,0.807,0.0
CBX5,0.527,0.0,0.476,0.704
SMU1,0.505,0.0,0.667,0.548
GCAT,0.555,0.0,0.473,0.684
CDC42BPB,0.0,0.0,1.0,0.0
PLCG2,0.0,0.79,0.613,0.0
UBXD7,0.641,0.601,0.477,0.0
TR2IT1,0.282,0.471,0.592,0.59
NEDD4L,0.814,0.0,0.581,0.0
IFT122,0.314,0.601,0.431,0.595
TNF,0.0,1.0,0.0,0.0
ALDH3B2,0.0,1.0,0.0,0.0
OSBPL1A,0.67,0.0,0.742,0.0
ZBTB16,0.404,0.715,0.571,0.0
DDEF1,0.604,0.45,0.343,0.562
SIX2,0.0,0.0,0.0,1.0
TPK1,0.483,0.568,0.519,0.417
C5orf21,0.563,0.0,0.826,0.0
ABAT,0.0,0.0,1.0,0.0
CRIM1,0.32,0.571,0.756,0.0
TGM3,0.735,0.0,0.678,0.0
GGH,0.657,0.0,0.0,0.754
PRKAG2,0.474,0.0,0.453,0.755
CD19,0.539,0.59,0.0,0.601
ANTXR1,0.461,0.575,0.676,0.0
ST3GAL6,0.465,0.628,0.624,0.0
KIF15,0.594,0.43,0.0,0.68
EFHD2,0.0,0.666,0.601,0.442
DDR1,0.0,0.0,0.0,0.0
ABHD4,0.896,0.0,0.445,0.0
HIST1H2AM,0.0,0.0,0.893,0.449
MINA,0.0,0.474,0.566,0.674
AGPS,0.63,0.5,0.0,0.594
PPAT,0.613,0.0,0.376,0.695
GPRC5D,1.0,0.0,0.0,0.0
WDR19,0.0,0.623,0.622,0.475
APTX,0.484,0.0,0.697,0.53
NUP155,0.536,0.0,0.587,0.606
PKP4,0.502,0.0,0.479,0.72
EFTUD1,0.467,0.0,0.884,0.0
PMS2L5,0.614,0.0,0.433,0.66
HPD,0.0,0.0,0.0,0.0
ZNF226,0.0,0.708,0.706,0.0
NMI,0.461,0.611,0.0,0.643
IL13RA1,0.646,0.0,0.57,0.507
LDLR,0.717,0.0,0.0,0.697
C16orf30,0.497,0.566,0.658,0.0
ATAD2,0.562,0.0,0.0,0.827
SMPDL3B,0.0,0.8,0.0,0.6
ZNF432,0.0,0.64,0.768,0.0
DLG1,0.612,0.0,0.465,0.64
APOL3,0.0,0.794,0.0,0.608
RHOF,0.0,1.0,0.0,0.0
TMEM48,0.0,0.552,0.0,0.834
SWAP70,0.686,0.0,0.727,0.0
WDR32,0.467,0.0,0.768,0.437
HMBOX1,0.0,0.691,0.723,0.0
GPR137B,0.0,0.747,0.665,0.0
ENOSF1,0.0,0.0,0.0,0.0
ARMCX5,0.475,0.0,0.627,0.617
BPHL,0.0,0.0,0.767,0.642
AKAP13,0.523,0.565,0.638,0.0
FPRL2,0.662,0.75,0.0,0.0
CCND3,1.0,0.0,0.0,0.0
UBE1,0.0,0.0,0.0,0.0
FGF3,1.0,0.0,0.0,0.0
COL4A4,0.0,0.796,0.0,0.605
DYRK4,0.609,0.285,0.0,0.74
KIF4A,0.559,0.0,0.313,0.768
CLMN,0.637,0.45,0.308,0.545
CEACAM7,0.0,0.0,0.0,0.0
PLEKHF1,0.0,1.0,0.0,0.0
ZYX,0.0,1.0,0.0,0.0
CNIH3,0.823,0.0,0.568,0.0
DKFZp762E1312,0.499,0.0,0.493,0.713
EYA4,1.0,0.0,0.0,0.0
HSPBAP1,0.438,0.693,0.572,0.0
GSK3B,0.179,0.569,0.625,0.503
GDPD3,0.0,0.0,1.0,0.0
ESPL1,0.538,0.0,0.0,0.843
SLC27A3,0.568,0.0,0.823,0.0
SYT11,0.623,0.432,0.257,0.6
TTC33,0.437,0.0,0.594,0.675
PTPLB,0.48,0.401,0.584,0.518
MNAT1,0.592,0.0,0.561,0.578
FXR1,0.775,0.0,0.0,0.632
POLB,0.0,0.0,0.0,1.0
FADS3,0.531,0.597,0.601,0.0
DHFR,0.536,0.0,0.292,0.792
TMEM50B,0.554,0.0,0.0,0.832
ADAM17,0.707,0.0,0.347,0.616
HRAS,0.637,0.0,0.771,0.0
STCH,0.658,0.0,0.438,0.613
GIMAP5,0.605,0.457,0.0,0.652
PRMT3,0.675,0.0,0.738,0.0
GALNT7,0.388,0.0,0.765,0.515
DNAJB9,0.722,0.0,0.38,0.578
FAM49A,0.612,0.607,0.0,0.507
KLF8,0.24,0.608,0.757,0.0
BIRC5,0.64,0.0,0.0,0.768
TLR7,0.638,0.597,0.0,0.486
SEC14L1,0.773,0.0,0.291,0.564
SEC23A,0.586,0.0,0.671,0.453
ATP7B,0.563,0.0,0.826,0.0
TSPAN6,0.0,0.0,1.0,0.0
MCC,0.0,0.0,1.0,0.0
PCGF1,0.0,0.0,0.0,0.0
TSC22D3,0.76,0.0,0.0,0.649
SCCPDH,0.0,0.0,0.0,0.0
PIGG,0.0,0.785,0.0,0.62
GCNT1,0.561,0.0,0.628,0.54
IFITM3,0.801,0.599,0.0,0.0
SIP1,0.574,0.0,0.534,0.621
ME3,0.0,0.79,0.613,0.0
GFPT1,0.535,0.433,0.419,0.592
LAIR2,0.693,0.567,0.445,0.0
TMEM8,0.612,0.0,0.791,0.0
LGALS3BP,0.0,1.0,0.0,0.0
LOC130074,0.476,0.0,0.471,0.743
CCNL2,0.0,0.603,0.522,0.603
GINS1,0.696,0.0,0.0,0.718
GYS1,0.0,0.0,1.0,0.0
RPS6KA3,0.901,0.0,0.435,0.0
TPST1,0.789,0.0,0.614,0.0
MAGEH1,0.893,0.0,0.449,0.0
PAQR4,0.379,0.744,0.0,0.551
MORC1,0.0,0.663,0.589,0.462
MYO1D,0.0,0.664,0.748,0.0
ISOC2,0.532,0.0,0.0,0.847
KCNMA1,0.665,0.446,0.0,0.598
VEGFA,0.0,0.0,1.0,0.0
KIAA0649,0.0,0.747,0.665,0.0
SPEN,0.033,0.755,0.655,0.0
C13orf34,0.611,0.0,0.503,0.612
TCIRG1,0.0,1.0,0.0,0.0
C12orf48,0.618,0.0,0.0,0.786
LAPTM4B,0.449,0.0,0.554,0.701
IFIT5,0.369,0.584,0.56,0.457
PHF15,0.0,0.0,0.0,0.0
PLP2,0.0,0.0,0.0,0.0
KIAA0888,0.692,0.0,0.722,0.0
CHRNA5,0.565,0.0,0.0,0.825
MCM2,0.517,0.424,0.0,0.743
NCAPH,0.621,0.0,0.0,0.784
CRTAP,0.726,0.0,0.687,0.0
ST8SIA4,0.735,0.0,0.0,0.678
ATXN1,0.629,0.0,0.612,0.479
PTPRK,0.0,0.691,0.723,0.0
CDCA8,0.489,0.0,0.407,0.771
AP2B1,0.918,0.0,0.397,0.0
GADD45A,0.0,1.0,0.0,0.0
C12orf5,0.318,0.57,0.528,0.544
AP3D1,0.0,0.55,0.49,0.676
FADS2,0.755,0.0,0.0,0.655
BMP2K,0.555,0.591,0.0,0.585
SERPINB8,0.533,0.491,0.491,0.483
FANCE,0.588,0.0,0.54,0.602
STARD13,0.481,0.628,0.612,0.0
FN1,0.69,0.723,0.0,0.0
CDC2,0.636,0.0,0.0,0.772
RAB7L1,0.575,0.0,0.675,0.462
HMHA1,0.541,0.62,0.0,0.569
SH2B3,0.496,0.711,0.0,0.498
CYBA,0.0,1.0,0.0,0.0
HIRA,0.537,0.0,0.843,0.0
PRKCDBP,0.528,0.66,0.535,0.0
STOML2,0.0,0.0,0.0,0.0
REEP4,0.0,0.0,0.0,0.0
VPS8,0.767,0.0,0.641,0.0
SLC5A6,0.0,0.643,0.0,0.766
FGL1,0.0,0.652,0.758,0.0
F11R,0.0,0.0,0.0,0.0
TRAF3IP2,0.0,0.705,0.578,0.411
EXTL2,0.515,0.0,0.857,0.0
TBC1D2B,0.0,0.76,0.65,0.0
GTF2H4,0.546,0.0,0.548,0.634
SUPT3H,0.521,0.0,0.657,0.545
PSORS1C2,0.0,0.0,0.0,0.0
CD40,0.0,0.72,0.0,0.694
ZNF85,0.0,0.727,0.686,0.0
PLSCR1,0.728,0.686,0.0,0.0
MAP4K4,0.528,0.579,0.621,0.0
PTPRH,0.0,0.0,0.0,1.0
TGFB3,0.536,0.632,0.56,0.0
CYP3A5,0.0,0.0,0.0,0.0
LOC339047,0.0,0.807,0.0,0.59
VANGL1,0.444,0.0,0.666,0.6
RNF43,0.657,0.0,0.331,0.678
CDKN1A,0.0,0.674,0.739,0.0
NXT2,0.515,0.0,0.543,0.664
BECN1,0.475,0.0,0.682,0.556
HIST1H2BI,0.519,0.0,0.688,0.507
APOC3,0.0,0.0,0.0,0.0
FREQ,0.62,0.0,0.577,0.532
GALNACT-2,0.521,0.679,0.517,0.0
FAM3C,0.706,0.0,0.434,0.56
THAP10,0.376,0.0,0.73,0.571
TRAF4,0.0,0.0,0.0,1.0
PPIC,0.0,1.0,0.0,0.0
HSF2BP,0.0,0.68,0.733,0.0
SNX16,0.441,0.0,0.57,0.693
RAB23,0.79,0.0,0.614,0.0
F8,0.67,0.556,0.0,0.492
ZNF571,0.0,0.634,0.773,0.0
CXorf34,0.0,0.0,0.0,0.0
YLPM1,0.312,0.0,0.808,0.5
SETD6,0.0,0.0,0.779,0.626
CENPE,0.529,0.111,0.0,0.841
PPIE,0.353,0.0,0.602,0.716
MAD2L1,0.64,0.0,0.0,0.768
PGDS,0.668,0.537,0.514,0.0
HMGCS2,0.0,0.0,0.0,0.0
PRSS1,1.0,0.0,0.0,0.0
HES1,0.0,0.678,0.735,0.0
FAM20B,0.64,0.0,0.492,0.59
LASS6,0.607,0.0,0.56,0.563
ESRRG,0.493,0.0,0.576,0.653
CHIC2,0.689,0.0,0.496,0.528
C12orf4,0.523,0.506,0.0,0.686
MAP7,0.0,0.0,1.0,0.0
RND1,0.676,0.737,0.0,0.0
EDG7,0.773,0.0,0.634,0.0
RNF170,0.675,0.0,0.449,0.586
KCNMB3,0.706,0.0,0.349,0.616
BID,0.789,0.0,0.0,0.614
ZNF107,0.434,0.623,0.575,0.305
ATP1B3,0.859,0.0,0.511,0.0
JHDM1D,0.632,0.0,0.495,0.596
LPIN2,0.556,0.537,0.0,0.634
UGCG,0.711,0.703,0.0,0.0
USP36,0.231,0.613,0.548,0.52
TMEM39A,0.463,0.504,0.571,0.454
CLK1,0.568,0.632,0.527,0.0
PARVA,0.572,0.555,0.604,0.0
HOMER2,0.53,0.471,0.705,0.0
PH-4,0.0,0.0,0.0,0.0
MAPKBP1,0.588,0.0,0.809,0.0
CUEDC1,0.592,0.0,0.203,0.78
ZFP36L2,0.449,0.6,0.662,0.0
PIK3IP1,0.0,0.0,1.0,0.0
CEP72,0.0,0.444,0.561,0.698
EPB41L1,0.0,0.612,0.787,0.08
C1orf63,0.0,0.785,0.0,0.619
COMT,0.0,0.0,0.0,0.0
ITPKC,0.428,0.904,0.0,0.0
TUG1,0.0,0.0,0.0,0.0
COL4A1,0.754,0.0,0.657,0.0
TRAF5,0.407,0.688,0.0,0.601
DSP,0.526,0.635,0.566,0.0
SLC36A1,0.76,0.0,0.65,0.0
ZNF304,0.364,0.638,0.679,0.0
SULT2B1,0.804,0.0,0.595,0.0
GALNT1,1.0,0.0,0.0,0.0
PIAS2,0.607,0.0,0.0,0.795
SHMT1,0.642,0.0,0.378,0.667
MAPK12,0.745,0.0,0.0,0.668
BBS10,0.0,0.619,0.484,0.619
CYB5R1,0.0,0.646,0.763,0.0
C16orf45,0.0,0.605,0.796,0.0
BRP44L,0.0,0.492,0.0,0.871
PMS2,0.553,0.0,0.568,0.609
TMBIM1,0.0,0.0,1.0,0.0
CCDC91,0.519,0.0,0.697,0.496
PPID,0.0,0.666,0.0,0.746
USP25,0.68,0.0,0.733,0.0
ARHGEF18,0.0,0.706,0.708,0.0
NSUN3,0.775,0.0,0.0,0.632
SLC25A1,0.0,0.0,1.0,0.0
SALL2,0.658,0.0,0.753,0.0
MRC2,0.709,0.705,0.0,0.0
FLJ20920,0.0,0.587,0.696,0.413
PLA2G4C,0.516,0.664,0.0,0.542
PXMP4,0.0,0.311,0.636,0.706
TOMM22,0.587,0.0,0.388,0.71
NR2F2,0.509,0.0,0.861,0.0
ITGB8,0.772,0.0,0.0,0.635
RCBTB1,0.687,0.0,0.726,0.0
ARHGEF3,0.521,0.57,0.0,0.635
SH3BGRL,0.0,1.0,0.0,0.0
PTPN3,0.603,0.0,0.531,0.596
PAF1,0.0,0.826,0.0,0.564
TOP2A,0.682,0.0,0.0,0.731
UBE2C,0.613,0.0,0.0,0.79
SLC25A4,0.0,0.0,0.415,0.91
TXLNA,0.0,0.538,0.539,0.648
NOL4,0.446,0.0,0.895,0.0
PARD3,0.66,0.0,0.474,0.583
C13orf15,0.775,0.0,0.632,0.0
TNFRSF10B,0.0,1.0,0.0,0.0
HK1,0.0,0.0,0.0,0.0
PVRIG,0.476,0.618,0.0,0.626
PPIF,0.0,0.0,0.0,0.0
TIMM8A,0.603,0.0,0.463,0.649
TYK2,0.0,0.805,0.0,0.593
KCTD9,0.721,0.0,0.693,0.0
CEP76,0.833,0.0,0.553,0.0
ZFYVE21,0.0,0.0,1.0,0.0
